-- phpMyAdmin SQL Dump
-- version 5.2.0
-- https://www.phpmyadmin.net/
--
-- Host: localhost
-- Generation Time: Nov 29, 2025 at 06:43 AM
-- Server version: 8.0.30
-- PHP Version: 8.1.10

SET SQL_MODE = "NO_AUTO_VALUE_ON_ZERO";
START TRANSACTION;
SET time_zone = "+00:00";


/*!40101 SET @OLD_CHARACTER_SET_CLIENT=@@CHARACTER_SET_CLIENT */;
/*!40101 SET @OLD_CHARACTER_SET_RESULTS=@@CHARACTER_SET_RESULTS */;
/*!40101 SET @OLD_COLLATION_CONNECTION=@@COLLATION_CONNECTION */;
/*!40101 SET NAMES utf8mb4 */;

--
-- Database: `oltp_northwind_products`
--

-- --------------------------------------------------------

--
-- Table structure for table `categories`
--

CREATE TABLE `categories` (
  `categoryID` int NOT NULL,
  `categoryName` varchar(100) NOT NULL,
  `description` text
) ENGINE=InnoDB DEFAULT CHARSET=utf8mb4 COLLATE=utf8mb4_0900_ai_ci;

--
-- Dumping data for table `categories`
--

INSERT INTO `categories` (`categoryID`, `categoryName`, `description`) VALUES
(1, 'Beverages', 'Soft drinks, coffees, teas, beers, and ales'),
(2, 'Condiments', 'Sweet and savory sauces, relishes, spreads, and seasonings'),
(3, 'Confections', 'Desserts, candies, and sweet breads'),
(4, 'Dairy Products', 'Cheeses'),
(5, 'Grains & Cereals', 'Breads, crackers, pasta, and cereal'),
(6, 'Meat & Poultry', 'Prepared meats'),
(7, 'Produce', 'Dried fruit and bean curd'),
(8, 'Seafood', 'Seaweed and fish');

-- --------------------------------------------------------

--
-- Table structure for table `customers`
--

CREATE TABLE `customers` (
  `customerID` varchar(10) NOT NULL,
  `companyName` varchar(100) DEFAULT NULL,
  `contactName` varchar(100) DEFAULT NULL,
  `contactTitle` varchar(100) DEFAULT NULL,
  `city` varchar(100) DEFAULT NULL,
  `country` varchar(100) DEFAULT NULL
) ENGINE=InnoDB DEFAULT CHARSET=utf8mb4 COLLATE=utf8mb4_0900_ai_ci;

--
-- Dumping data for table `customers`
--

INSERT INTO `customers` (`customerID`, `companyName`, `contactName`, `contactTitle`, `city`, `country`) VALUES
('ALFKI', 'Alfreds Futterkiste', 'Maria Anders', 'Sales Representative', 'Berlin', 'Germany'),
('ANATR', 'Ana Trujillo Emparedados y helados', 'Ana Trujillo', 'Owner', 'Mexico City', 'Mexico'),
('ANTON', 'Antonio Moreno Taquería', 'Antonio Moreno', 'Owner', 'Mexico City', 'Mexico'),
('AROUT', 'Around the Horn', 'Thomas Hardy', 'Sales Representative', 'London', 'UK'),
('BERGS', 'Berglunds snabbköp', 'Christina Berglund', 'Order Administrator', 'Luleå', 'Sweden'),
('BLAUS', 'Blauer See Delikatessen', 'Hanna Moos', 'Sales Representative', 'Mannheim', 'Germany'),
('BLONP', 'Blondesddsl père et fils', 'Frédérique Citeaux', 'Marketing Manager', 'Strasbourg', 'France'),
('BOLID', 'Bólido Comidas preparadas', 'Martín Sommer', 'Owner', 'Madrid', 'Spain'),
('BONAP', 'Bon app\'', 'Laurence Lebihan', 'Owner', 'Marseille', 'France'),
('BOTTM', 'Bottom-Dollar Markets', 'Elizabeth Lincoln', 'Accounting Manager', 'Tsawassen', 'Canada'),
('BSBEV', 'B\'s Beverages', 'Victoria Ashworth', 'Sales Representative', 'London', 'UK'),
('CACTU', 'Cactus Comidas para llevar', 'Patricio Simpson', 'Sales Agent', 'Buenos Aires', 'Argentina'),
('CENTC', 'Centro comercial Moctezuma', 'Francisco Chang', 'Marketing Manager', 'Mexico City', 'Mexico'),
('CHOPS', 'Chop-suey Chinese', 'Yang Wang', 'Owner', 'Bern', 'Switzerland'),
('COMMI', 'Comércio Mineiro', 'Pedro Afonso', 'Sales Associate', 'Sao Paulo', 'Brazil'),
('CONSH', 'Consolidated Holdings', 'Elizabeth Brown', 'Sales Representative', 'London', 'UK'),
('DRACD', 'Drachenblut Delikatessen', 'Sven Ottlieb', 'Order Administrator', 'Aachen', 'Germany'),
('DUMON', 'Du monde entier', 'Janine Labrune', 'Owner', 'Nantes', 'France'),
('EASTC', 'Eastern Connection', 'Ann Devon', 'Sales Agent', 'London', 'UK'),
('ERNSH', 'Ernst Handel', 'Roland Mendel', 'Sales Manager', 'Graz', 'Austria'),
('FAMIA', 'Familia Arquibaldo', 'Aria Cruz', 'Marketing Assistant', 'Sao Paulo', 'Brazil'),
('FISSA', 'FISSA Fabrica Inter. Salchichas S.A.', 'Diego Roel', 'Accounting Manager', 'Madrid', 'Spain'),
('FOLIG', 'Folies gourmandes', 'Martine Rancé', 'Assistant Sales Agent', 'Lille', 'France'),
('FOLKO', 'Folk och fä HB', 'Maria Larsson', 'Owner', 'Bräcke', 'Sweden'),
('FRANK', 'Frankenversand', 'Peter Franken', 'Marketing Manager', 'München', 'Germany'),
('FRANR', 'France restauration', 'Carine Schmitt', 'Marketing Manager', 'Nantes', 'France'),
('FRANS', 'Franchi S.p.A.', 'Paolo Accorti', 'Sales Representative', 'Torino', 'Italy'),
('FURIB', 'Furia Bacalhau e Frutos do Mar', 'Lino Rodriguez', 'Sales Manager', 'Lisboa', 'Portugal'),
('GALED', 'Galería del gastrónomo', 'Eduardo Saavedra', 'Marketing Manager', 'Barcelona', 'Spain'),
('GODOS', 'Godos Cocina Típica', 'José Pedro Freyre', 'Sales Manager', 'Sevilla', 'Spain'),
('GOURL', 'Gourmet Lanchonetes', 'André Fonseca', 'Sales Associate', 'Campinas', 'Brazil'),
('GREAL', 'Great Lakes Food Market', 'Howard Snyder', 'Marketing Manager', 'Eugene', 'USA'),
('GROSR', 'GROSELLA-Restaurante', 'Manuel Pereira', 'Owner', 'Caracas', 'Venezuela'),
('HANAR', 'Hanari Carnes', 'Mario Pontes', 'Accounting Manager', 'Rio de Janeiro', 'Brazil'),
('HILAA', 'HILARION-Abastos', 'Carlos Hernández', 'Sales Representative', 'San Cristóbal', 'Venezuela'),
('HUNGC', 'Hungry Coyote Import Store', 'Yoshi Latimer', 'Sales Representative', 'Elgin', 'USA'),
('HUNGO', 'Hungry Owl All-Night Grocers', 'Patricia McKenna', 'Sales Associate', 'Cork', 'Ireland'),
('ISLAT', 'Island Trading', 'Helen Bennett', 'Marketing Manager', 'Cowes', 'UK'),
('KOENE', 'Königlich Essen', 'Philip Cramer', 'Sales Associate', 'Brandenburg', 'Germany'),
('LACOR', 'La corne d\'abondance', 'Daniel Tonini', 'Sales Representative', 'Versailles', 'France'),
('LAMAI', 'La maison d\'Asie', 'Annette Roulet', 'Sales Manager', 'Toulouse', 'France'),
('LAUGB', 'Laughing Bacchus Wine Cellars', 'Yoshi Tannamuri', 'Marketing Assistant', 'Vancouver', 'Canada'),
('LAZYK', 'Lazy K Kountry Store', 'John Steel', 'Marketing Manager', 'Walla Walla', 'USA'),
('LEHMS', 'Lehmanns Marktstand', 'Renate Messner', 'Sales Representative', 'Frankfurt a.M.', 'Germany'),
('LETSS', 'Let\'s Stop N Shop', 'Jaime Yorres', 'Owner', 'San Francisco', 'USA'),
('LILAS', 'LILA-Supermercado', 'Carlos González', 'Accounting Manager', 'Barquisimeto', 'Venezuela'),
('LINOD', 'LINO-Delicateses', 'Felipe Izquierdo', 'Owner', 'I. de Margarita', 'Venezuela'),
('LONEP', 'Lonesome Pine Restaurant', 'Fran Wilson', 'Sales Manager', 'Portland', 'USA'),
('MAGAA', 'Magazzini Alimentari Riuniti', 'Giovanni Rovelli', 'Marketing Manager', 'Bergamo', 'Italy'),
('MAISD', 'Maison Dewey', 'Catherine Dewey', 'Sales Agent', 'Bruxelles', 'Belgium'),
('MEREP', 'Mère Paillarde', 'Jean Fresnière', 'Marketing Assistant', 'Montréal', 'Canada'),
('MORGK', 'Morgenstern Gesundkost', 'Alexander Feuer', 'Marketing Assistant', 'Leipzig', 'Germany'),
('NORTS', 'North/South', 'Simon Crowther', 'Sales Associate', 'London', 'UK'),
('OCEAN', 'Océano Atlántico Ltda.', 'Yvonne Moncada', 'Sales Agent', 'Buenos Aires', 'Argentina'),
('OLDWO', 'Old World Delicatessen', 'Rene Phillips', 'Sales Representative', 'Anchorage', 'USA'),
('OTTIK', 'Ottilies Käseladen', 'Henriette Pfalzheim', 'Owner', 'Köln', 'Germany'),
('PARIS', 'Paris spécialités', 'Marie Bertrand', 'Owner', 'Paris', 'France'),
('PERIC', 'Pericles Comidas clásicas', 'Guillermo Fernández', 'Sales Representative', 'Mexico City', 'Mexico'),
('PICCO', 'Piccolo und mehr', 'Georg Pipps', 'Sales Manager', 'Salzburg', 'Austria'),
('PRINI', 'Princesa Isabel Vinhos', 'Isabel de Castro', 'Sales Representative', 'Lisboa', 'Portugal'),
('QUEDE', 'Que Delícia', 'Bernardo Batista', 'Accounting Manager', 'Rio de Janeiro', 'Brazil'),
('QUEEN', 'Queen Cozinha', 'Lúcia Carvalho', 'Marketing Assistant', 'Sao Paulo', 'Brazil'),
('QUICK', 'QUICK-Stop', 'Horst Kloss', 'Accounting Manager', 'Cunewalde', 'Germany'),
('RANCH', 'Rancho grande', 'Sergio Gutiérrez', 'Sales Representative', 'Buenos Aires', 'Argentina'),
('RATTC', 'Rattlesnake Canyon Grocery', 'Paula Wilson', 'Assistant Sales Representative', 'Albuquerque', 'USA'),
('REGGC', 'Reggiani Caseifici', 'Maurizio Moroni', 'Sales Associate', 'Reggio Emilia', 'Italy'),
('RICAR', 'Ricardo Adocicados', 'Janete Limeira', 'Assistant Sales Agent', 'Rio de Janeiro', 'Brazil'),
('RICSU', 'Richter Supermarkt', 'Michael Holz', 'Sales Manager', 'Genève', 'Switzerland'),
('ROMEY', 'Romero y tomillo', 'Alejandra Camino', 'Accounting Manager', 'Madrid', 'Spain'),
('SANTG', 'Santé Gourmet', 'Jonas Bergulfsen', 'Owner', 'Stavern', 'Norway'),
('SAVEA', 'Save-a-lot Markets', 'Jose Pavarotti', 'Sales Representative', 'Boise', 'USA'),
('SEVES', 'Seven Seas Imports', 'Hari Kumar', 'Sales Manager', 'London', 'UK'),
('SIMOB', 'Simons bistro', 'Jytte Petersen', 'Owner', 'Kobenhavn', 'Denmark'),
('SPECD', 'Spécialités du monde', 'Dominique Perrier', 'Marketing Manager', 'Paris', 'France'),
('SPLIR', 'Split Rail Beer & Ale', 'Art Braunschweiger', 'Sales Manager', 'Lander', 'USA'),
('SUPRD', 'Suprêmes délices', 'Pascale Cartrain', 'Accounting Manager', 'Charleroi', 'Belgium'),
('THEBI', 'The Big Cheese', 'Liz Nixon', 'Marketing Manager', 'Portland', 'USA'),
('THECR', 'The Cracker Box', 'Liu Wong', 'Marketing Assistant', 'Butte', 'USA'),
('TOMSP', 'Toms Spezialitäten', 'Karin Josephs', 'Marketing Manager', 'Münster', 'Germany'),
('TORTU', 'Tortuga Restaurante', 'Miguel Angel Paolino', 'Owner', 'Mexico City', 'Mexico'),
('TRADH', 'Tradição Hipermercados', 'Anabela Domingues', 'Sales Representative', 'Sao Paulo', 'Brazil'),
('TRAIH', 'Trail\'s Head Gourmet Provisioners', 'Helvetius Nagy', 'Sales Associate', 'Kirkland', 'USA'),
('VAFFE', 'Vaffeljernet', 'Palle Ibsen', 'Sales Manager', 'Århus', 'Denmark'),
('VICTE', 'Victuailles en stock', 'Mary Saveley', 'Sales Agent', 'Lyon', 'France'),
('VINET', 'Vins et alcools Chevalier', 'Paul Henriot', 'Accounting Manager', 'Reims', 'France'),
('WANDK', 'Die Wandernde Kuh', 'Rita Müller', 'Sales Representative', 'Stuttgart', 'Germany'),
('WARTH', 'Wartian Herkku', 'Pirkko Koskitalo', 'Accounting Manager', 'Oulu', 'Finland'),
('WELLI', 'Wellington Importadora', 'Paula Parente', 'Sales Manager', 'Resende', 'Brazil'),
('WHITC', 'White Clover Markets', 'Karl Jablonski', 'Owner', 'Seattle', 'USA'),
('WILMK', 'Wilman Kala', 'Matti Karttunen', 'Owner/Marketing Assistant', 'Helsinki', 'Finland'),
('WOLZA', 'Wolski  Zajazd', 'Zbyszek Piestrzeniewicz', 'Owner', 'Warszawa', 'Poland');

-- --------------------------------------------------------

--
-- Table structure for table `employees`
--

CREATE TABLE `employees` (
  `employeeID` int NOT NULL,
  `employeeName` varchar(100) DEFAULT NULL,
  `title` varchar(100) DEFAULT NULL,
  `city` varchar(100) DEFAULT NULL,
  `country` varchar(100) DEFAULT NULL,
  `reportsTo` int DEFAULT NULL
) ENGINE=InnoDB DEFAULT CHARSET=utf8mb4 COLLATE=utf8mb4_0900_ai_ci;

--
-- Dumping data for table `employees`
--

INSERT INTO `employees` (`employeeID`, `employeeName`, `title`, `city`, `country`, `reportsTo`) VALUES
(1, 'Nancy Davolio', 'Sales Representative', 'New York', 'USA', 8),
(2, 'Andrew Fuller', 'Vice President Sales', 'New York', 'USA', NULL),
(3, 'Janet Leverling', 'Sales Representaive', 'New York', 'USA', 8),
(4, 'Margaret Peacock', 'Sales Representative', 'New York', 'USA', 8),
(5, 'Steven Buchanan', 'Sales Manager', 'London', 'UK', 2),
(6, 'Michael Suyama', 'Sales Representative', 'London', 'UK', 5),
(7, 'Robert King', 'Sales Representative', 'London', 'UK', 5),
(8, 'Laura Callahan', 'Sales Manager', 'New York', 'USA', 2),
(9, 'Anne Dodsworth', 'Sales Representative', 'London', 'UK', 5);

-- --------------------------------------------------------

--
-- Table structure for table `orders`
--

CREATE TABLE `orders` (
  `orderID` int NOT NULL,
  `customerID` varchar(10) DEFAULT NULL,
  `employeeID` int DEFAULT NULL,
  `orderDate` date DEFAULT NULL,
  `requiredDate` date DEFAULT NULL,
  `shippedDate` date DEFAULT NULL,
  `shipperID` int DEFAULT NULL,
  `freight` decimal(10,2) DEFAULT NULL
) ENGINE=InnoDB DEFAULT CHARSET=utf8mb4 COLLATE=utf8mb4_0900_ai_ci;

--
-- Dumping data for table `orders`
--

INSERT INTO `orders` (`orderID`, `customerID`, `employeeID`, `orderDate`, `requiredDate`, `shippedDate`, `shipperID`, `freight`) VALUES
(10248, 'VINET', 5, '2013-07-04', '2013-08-01', '2013-07-16', 3, '32.38'),
(10249, 'TOMSP', 6, '2013-07-05', '2013-08-16', '2013-07-10', 1, '11.61'),
(10250, 'HANAR', 4, '2013-07-08', '2013-08-05', '2013-07-12', 2, '65.83'),
(10251, 'VICTE', 3, '2013-07-08', '2013-08-05', '2013-07-15', 1, '41.34'),
(10252, 'SUPRD', 4, '2013-07-09', '2013-08-06', '2013-07-11', 2, '51.30'),
(10253, 'HANAR', 3, '2013-07-10', '2013-07-24', '2013-07-16', 2, '58.17'),
(10254, 'CHOPS', 5, '2013-07-11', '2013-08-08', '2013-07-23', 2, '22.98'),
(10255, 'RICSU', 9, '2013-07-12', '2013-08-09', '2013-07-15', 3, '148.33'),
(10256, 'WELLI', 3, '2013-07-15', '2013-08-12', '2013-07-17', 2, '13.97'),
(10257, 'HILAA', 4, '2013-07-16', '2013-08-13', '2013-07-22', 3, '81.91'),
(10258, 'ERNSH', 1, '2013-07-17', '2013-08-14', '2013-07-23', 1, '140.51'),
(10259, 'CENTC', 4, '2013-07-18', '2013-08-15', '2013-07-25', 3, '3.25'),
(10260, 'OTTIK', 4, '2013-07-19', '2013-08-16', '2013-07-29', 1, '55.09'),
(10261, 'QUEDE', 4, '2013-07-19', '2013-08-16', '2013-07-30', 2, '3.05'),
(10262, 'RATTC', 8, '2013-07-22', '2013-08-19', '2013-07-25', 3, '48.29'),
(10263, 'ERNSH', 9, '2013-07-23', '2013-08-20', '2013-07-31', 3, '146.06'),
(10264, 'FOLKO', 6, '2013-07-24', '2013-08-21', '2013-08-23', 3, '3.67'),
(10265, 'BLONP', 2, '2013-07-25', '2013-08-22', '2013-08-12', 1, '55.28'),
(10266, 'WARTH', 3, '2013-07-26', '2013-09-06', '2013-07-31', 3, '25.73'),
(10267, 'FRANK', 4, '2013-07-29', '2013-08-26', '2013-08-06', 1, '208.58'),
(10268, 'GROSR', 8, '2013-07-30', '2013-08-27', '2013-08-02', 3, '66.29'),
(10269, 'WHITC', 5, '2013-07-31', '2013-08-14', '2013-08-09', 1, '4.56'),
(10270, 'WARTH', 1, '2013-08-01', '2013-08-29', '2013-08-02', 1, '136.54'),
(10271, 'SPLIR', 6, '2013-08-01', '2013-08-29', '2013-08-30', 2, '4.54'),
(10272, 'RATTC', 6, '2013-08-02', '2013-08-30', '2013-08-06', 2, '98.03'),
(10273, 'QUICK', 3, '2013-08-05', '2013-09-02', '2013-08-12', 3, '76.07'),
(10274, 'VINET', 6, '2013-08-06', '2013-09-03', '2013-08-16', 1, '6.01'),
(10275, 'MAGAA', 1, '2013-08-07', '2013-09-04', '2013-08-09', 1, '26.93'),
(10276, 'TORTU', 8, '2013-08-08', '2013-08-22', '2013-08-14', 3, '13.84'),
(10277, 'MORGK', 2, '2013-08-09', '2013-09-06', '2013-08-13', 3, '125.77'),
(10278, 'BERGS', 8, '2013-08-12', '2013-09-09', '2013-08-16', 2, '92.69'),
(10279, 'LEHMS', 8, '2013-08-13', '2013-09-10', '2013-08-16', 2, '25.83'),
(10280, 'BERGS', 2, '2013-08-14', '2013-09-11', '2013-09-12', 1, '8.98'),
(10281, 'ROMEY', 4, '2013-08-14', '2013-08-28', '2013-08-21', 1, '2.94'),
(10282, 'ROMEY', 4, '2013-08-15', '2013-09-12', '2013-08-21', 1, '12.69'),
(10283, 'LILAS', 3, '2013-08-16', '2013-09-13', '2013-08-23', 3, '84.81'),
(10284, 'LEHMS', 4, '2013-08-19', '2013-09-16', '2013-08-27', 1, '76.56'),
(10285, 'QUICK', 1, '2013-08-20', '2013-09-17', '2013-08-26', 2, '76.83'),
(10286, 'QUICK', 8, '2013-08-21', '2013-09-18', '2013-08-30', 3, '229.24'),
(10287, 'RICAR', 8, '2013-08-22', '2013-09-19', '2013-08-28', 3, '12.76'),
(10288, 'REGGC', 4, '2013-08-23', '2013-09-20', '2013-09-03', 1, '7.45'),
(10289, 'BSBEV', 7, '2013-08-26', '2013-09-23', '2013-08-28', 3, '22.77'),
(10290, 'COMMI', 8, '2013-08-27', '2013-09-24', '2013-09-03', 1, '79.70'),
(10291, 'QUEDE', 6, '2013-08-27', '2013-09-24', '2013-09-04', 2, '6.40'),
(10292, 'TRADH', 1, '2013-08-28', '2013-09-25', '2013-09-02', 2, '1.35'),
(10293, 'TORTU', 1, '2013-08-29', '2013-09-26', '2013-09-11', 3, '21.18'),
(10294, 'RATTC', 4, '2013-08-30', '2013-09-27', '2013-09-05', 2, '147.26'),
(10295, 'VINET', 2, '2013-09-02', '2013-09-30', '2013-09-10', 2, '1.15'),
(10296, 'LILAS', 6, '2013-09-03', '2013-10-01', '2013-09-11', 1, '0.12'),
(10297, 'BLONP', 5, '2013-09-04', '2013-10-16', '2013-09-10', 2, '5.74'),
(10298, 'HUNGO', 6, '2013-09-05', '2013-10-03', '2013-09-11', 2, '168.22'),
(10299, 'RICAR', 4, '2013-09-06', '2013-10-04', '2013-09-13', 2, '29.76'),
(10300, 'MAGAA', 2, '2013-09-09', '2013-10-07', '2013-09-18', 2, '17.68'),
(10301, 'WANDK', 8, '2013-09-09', '2013-10-07', '2013-09-17', 2, '45.08'),
(10302, 'SUPRD', 4, '2013-09-10', '2013-10-08', '2013-10-09', 2, '6.27'),
(10303, 'GODOS', 7, '2013-09-11', '2013-10-09', '2013-09-18', 2, '107.83'),
(10304, 'TORTU', 1, '2013-09-12', '2013-10-10', '2013-09-17', 2, '63.79'),
(10305, 'OLDWO', 8, '2013-09-13', '2013-10-11', '2013-10-09', 3, '257.62'),
(10306, 'ROMEY', 1, '2013-09-16', '2013-10-14', '2013-09-23', 3, '7.56'),
(10307, 'LONEP', 2, '2013-09-17', '2013-10-15', '2013-09-25', 2, '0.56'),
(10308, 'ANATR', 7, '2013-09-18', '2013-10-16', '2013-09-24', 3, '1.61'),
(10309, 'HUNGO', 3, '2013-09-19', '2013-10-17', '2013-10-23', 1, '47.30'),
(10310, 'THEBI', 8, '2013-09-20', '2013-10-18', '2013-09-27', 2, '17.52'),
(10311, 'DUMON', 1, '2013-09-20', '2013-10-04', '2013-09-26', 3, '24.69'),
(10312, 'WANDK', 2, '2013-09-23', '2013-10-21', '2013-10-03', 2, '40.26'),
(10313, 'QUICK', 2, '2013-09-24', '2013-10-22', '2013-10-04', 2, '1.96'),
(10314, 'RATTC', 1, '2013-09-25', '2013-10-23', '2013-10-04', 2, '74.16'),
(10315, 'ISLAT', 4, '2013-09-26', '2013-10-24', '2013-10-03', 2, '41.76'),
(10316, 'RATTC', 1, '2013-09-27', '2013-10-25', '2013-10-08', 3, '150.15'),
(10317, 'LONEP', 6, '2013-09-30', '2013-10-28', '2013-10-10', 1, '12.69'),
(10318, 'ISLAT', 8, '2013-10-01', '2013-10-29', '2013-10-04', 2, '4.73'),
(10319, 'TORTU', 7, '2013-10-02', '2013-10-30', '2013-10-11', 3, '64.50'),
(10320, 'WARTH', 5, '2013-10-03', '2013-10-17', '2013-10-18', 3, '34.57'),
(10321, 'ISLAT', 3, '2013-10-03', '2013-10-31', '2013-10-11', 2, '3.43'),
(10322, 'PERIC', 7, '2013-10-04', '2013-11-01', '2013-10-23', 3, '0.40'),
(10323, 'KOENE', 4, '2013-10-07', '2013-11-04', '2013-10-14', 1, '4.88'),
(10324, 'SAVEA', 9, '2013-10-08', '2013-11-05', '2013-10-10', 1, '214.27'),
(10325, 'KOENE', 1, '2013-10-09', '2013-10-23', '2013-10-14', 3, '64.86'),
(10326, 'BOLID', 4, '2013-10-10', '2013-11-07', '2013-10-14', 2, '77.92'),
(10327, 'FOLKO', 2, '2013-10-11', '2013-11-08', '2013-10-14', 1, '63.36'),
(10328, 'FURIB', 4, '2013-10-14', '2013-11-11', '2013-10-17', 3, '87.03'),
(10329, 'SPLIR', 4, '2013-10-15', '2013-11-26', '2013-10-23', 2, '191.67'),
(10330, 'LILAS', 3, '2013-10-16', '2013-11-13', '2013-10-28', 1, '12.75'),
(10331, 'BONAP', 9, '2013-10-16', '2013-11-27', '2013-10-21', 1, '10.19'),
(10332, 'MEREP', 3, '2013-10-17', '2013-11-28', '2013-10-21', 2, '52.84'),
(10333, 'WARTH', 5, '2013-10-18', '2013-11-15', '2013-10-25', 3, '0.59'),
(10334, 'VICTE', 8, '2013-10-21', '2013-11-18', '2013-10-28', 2, '8.56'),
(10335, 'HUNGO', 7, '2013-10-22', '2013-11-19', '2013-10-24', 2, '42.11'),
(10336, 'PRINI', 7, '2013-10-23', '2013-11-20', '2013-10-25', 2, '15.51'),
(10337, 'FRANK', 4, '2013-10-24', '2013-11-21', '2013-10-29', 3, '108.26'),
(10338, 'OLDWO', 4, '2013-10-25', '2013-11-22', '2013-10-29', 3, '84.21'),
(10339, 'MEREP', 2, '2013-10-28', '2013-11-25', '2013-11-04', 2, '15.66'),
(10340, 'BONAP', 1, '2013-10-29', '2013-11-26', '2013-11-08', 3, '166.31'),
(10341, 'SIMOB', 7, '2013-10-29', '2013-11-26', '2013-11-05', 3, '26.78'),
(10342, 'FRANK', 4, '2013-10-30', '2013-11-13', '2013-11-04', 2, '54.83'),
(10343, 'LEHMS', 4, '2013-10-31', '2013-11-28', '2013-11-06', 1, '110.37'),
(10344, 'WHITC', 4, '2013-11-01', '2013-11-29', '2013-11-05', 2, '23.29'),
(10345, 'QUICK', 2, '2013-11-04', '2013-12-02', '2013-11-11', 2, '249.06'),
(10346, 'RATTC', 3, '2013-11-05', '2013-12-17', '2013-11-08', 3, '142.08'),
(10347, 'FAMIA', 4, '2013-11-06', '2013-12-04', '2013-11-08', 3, '3.10'),
(10348, 'WANDK', 4, '2013-11-07', '2013-12-05', '2013-11-15', 2, '0.78'),
(10349, 'SPLIR', 7, '2013-11-08', '2013-12-06', '2013-11-15', 1, '8.63'),
(10350, 'LAMAI', 6, '2013-11-11', '2013-12-09', '2013-12-03', 2, '64.19'),
(10351, 'ERNSH', 1, '2013-11-11', '2013-12-09', '2013-11-20', 1, '162.33'),
(10352, 'FURIB', 3, '2013-11-12', '2013-11-26', '2013-11-18', 3, '1.30'),
(10353, 'PICCO', 7, '2013-11-13', '2013-12-11', '2013-11-25', 3, '360.63'),
(10354, 'PERIC', 8, '2013-11-14', '2013-12-12', '2013-11-20', 3, '53.80'),
(10355, 'AROUT', 6, '2013-11-15', '2013-12-13', '2013-11-20', 1, '41.95'),
(10356, 'WANDK', 6, '2013-11-18', '2013-12-16', '2013-11-27', 2, '36.71'),
(10357, 'LILAS', 1, '2013-11-19', '2013-12-17', '2013-12-02', 3, '34.88'),
(10358, 'LAMAI', 5, '2013-11-20', '2013-12-18', '2013-11-27', 1, '19.64'),
(10359, 'SEVES', 5, '2013-11-21', '2013-12-19', '2013-11-26', 3, '288.43'),
(10360, 'BLONP', 4, '2013-11-22', '2013-12-20', '2013-12-02', 3, '131.70'),
(10361, 'QUICK', 1, '2013-11-22', '2013-12-20', '2013-12-03', 2, '183.17'),
(10362, 'BONAP', 3, '2013-11-25', '2013-12-23', '2013-11-28', 1, '96.04'),
(10363, 'DRACD', 4, '2013-11-26', '2013-12-24', '2013-12-04', 3, '30.54'),
(10364, 'EASTC', 1, '2013-11-26', '2014-01-07', '2013-12-04', 1, '71.97'),
(10365, 'ANTON', 3, '2013-11-27', '2013-12-25', '2013-12-02', 2, '22.00'),
(10366, 'GALED', 8, '2013-11-28', '2014-01-09', '2013-12-30', 2, '10.14'),
(10367, 'VAFFE', 7, '2013-11-28', '2013-12-26', '2013-12-02', 3, '13.55'),
(10368, 'ERNSH', 2, '2013-11-29', '2013-12-27', '2013-12-02', 2, '101.95'),
(10369, 'SPLIR', 8, '2013-12-02', '2013-12-30', '2013-12-09', 2, '195.68'),
(10370, 'CHOPS', 6, '2013-12-03', '2013-12-31', '2013-12-27', 2, '1.17'),
(10371, 'LAMAI', 1, '2013-12-03', '2013-12-31', '2013-12-24', 1, '0.45'),
(10372, 'QUEEN', 5, '2013-12-04', '2014-01-01', '2013-12-09', 2, '890.78'),
(10373, 'HUNGO', 4, '2013-12-05', '2014-01-02', '2013-12-11', 3, '124.12'),
(10374, 'WOLZA', 1, '2013-12-05', '2014-01-02', '2013-12-09', 3, '3.94'),
(10375, 'HUNGC', 3, '2013-12-06', '2014-01-03', '2013-12-09', 2, '20.12'),
(10376, 'MEREP', 1, '2013-12-09', '2014-01-06', '2013-12-13', 2, '20.39'),
(10377, 'SEVES', 1, '2013-12-09', '2014-01-06', '2013-12-13', 3, '22.21'),
(10378, 'FOLKO', 5, '2013-12-10', '2014-01-07', '2013-12-19', 3, '5.44'),
(10379, 'QUEDE', 2, '2013-12-11', '2014-01-08', '2013-12-13', 1, '45.03'),
(10380, 'HUNGO', 8, '2013-12-12', '2014-01-09', '2014-01-16', 3, '35.03'),
(10381, 'LILAS', 3, '2013-12-12', '2014-01-09', '2013-12-13', 3, '7.99'),
(10382, 'ERNSH', 4, '2013-12-13', '2014-01-10', '2013-12-16', 1, '94.77'),
(10383, 'AROUT', 8, '2013-12-16', '2014-01-13', '2013-12-18', 3, '34.24'),
(10384, 'BERGS', 3, '2013-12-16', '2014-01-13', '2013-12-20', 3, '168.64'),
(10385, 'SPLIR', 1, '2013-12-17', '2014-01-14', '2013-12-23', 2, '30.96'),
(10386, 'FAMIA', 9, '2013-12-18', '2014-01-01', '2013-12-25', 3, '13.99'),
(10387, 'SANTG', 1, '2013-12-18', '2014-01-15', '2013-12-20', 2, '93.63'),
(10388, 'SEVES', 2, '2013-12-19', '2014-01-16', '2013-12-20', 1, '34.86'),
(10389, 'BOTTM', 4, '2013-12-20', '2014-01-17', '2013-12-24', 2, '47.42'),
(10390, 'ERNSH', 6, '2013-12-23', '2014-01-20', '2013-12-26', 1, '126.38'),
(10391, 'DRACD', 3, '2013-12-23', '2014-01-20', '2013-12-31', 3, '5.45'),
(10392, 'PICCO', 2, '2013-12-24', '2014-01-21', '2014-01-01', 3, '122.46'),
(10393, 'SAVEA', 1, '2013-12-25', '2014-01-22', '2014-01-03', 3, '126.56'),
(10394, 'HUNGC', 1, '2013-12-25', '2014-01-22', '2014-01-03', 3, '30.34'),
(10395, 'HILAA', 6, '2013-12-26', '2014-01-23', '2014-01-03', 1, '184.41'),
(10396, 'FRANK', 1, '2013-12-27', '2014-01-10', '2014-01-06', 3, '135.35'),
(10397, 'PRINI', 5, '2013-12-27', '2014-01-24', '2014-01-02', 1, '60.26'),
(10398, 'SAVEA', 2, '2013-12-30', '2014-01-27', '2014-01-09', 3, '89.16'),
(10399, 'VAFFE', 8, '2013-12-31', '2014-01-14', '2014-01-08', 3, '27.36'),
(10400, 'EASTC', 1, '2014-01-01', '2014-01-29', '2014-01-16', 3, '83.93'),
(10401, 'RATTC', 1, '2014-01-01', '2014-01-29', '2014-01-10', 1, '12.51'),
(10402, 'ERNSH', 8, '2014-01-02', '2014-02-13', '2014-01-10', 2, '67.88'),
(10403, 'ERNSH', 4, '2014-01-03', '2014-01-31', '2014-01-09', 3, '73.79'),
(10404, 'MAGAA', 2, '2014-01-03', '2014-01-31', '2014-01-08', 1, '155.97'),
(10405, 'LINOD', 1, '2014-01-06', '2014-02-03', '2014-01-22', 1, '34.82'),
(10406, 'QUEEN', 7, '2014-01-07', '2014-02-18', '2014-01-13', 1, '108.04'),
(10407, 'OTTIK', 2, '2014-01-07', '2014-02-04', '2014-01-30', 2, '91.48'),
(10408, 'FOLIG', 8, '2014-01-08', '2014-02-05', '2014-01-14', 1, '11.26'),
(10409, 'OCEAN', 3, '2014-01-09', '2014-02-06', '2014-01-14', 1, '29.83'),
(10410, 'BOTTM', 3, '2014-01-10', '2014-02-07', '2014-01-15', 3, '2.40'),
(10411, 'BOTTM', 9, '2014-01-10', '2014-02-07', '2014-01-21', 3, '23.65'),
(10412, 'WARTH', 8, '2014-01-13', '2014-02-10', '2014-01-15', 2, '3.77'),
(10413, 'LAMAI', 3, '2014-01-14', '2014-02-11', '2014-01-16', 2, '95.66'),
(10414, 'FAMIA', 2, '2014-01-14', '2014-02-11', '2014-01-17', 3, '21.48'),
(10415, 'HUNGC', 3, '2014-01-15', '2014-02-12', '2014-01-24', 1, '0.20'),
(10416, 'WARTH', 8, '2014-01-16', '2014-02-13', '2014-01-27', 3, '22.72'),
(10417, 'SIMOB', 4, '2014-01-16', '2014-02-13', '2014-01-28', 3, '70.29'),
(10418, 'QUICK', 4, '2014-01-17', '2014-02-14', '2014-01-24', 1, '17.55'),
(10419, 'RICSU', 4, '2014-01-20', '2014-02-17', '2014-01-30', 2, '137.35'),
(10420, 'WELLI', 3, '2014-01-21', '2014-02-18', '2014-01-27', 1, '44.12'),
(10421, 'QUEDE', 8, '2014-01-21', '2014-03-04', '2014-01-27', 1, '99.23'),
(10422, 'FRANS', 2, '2014-01-22', '2014-02-19', '2014-01-31', 1, '3.02'),
(10423, 'GOURL', 6, '2014-01-23', '2014-02-06', '2014-02-24', 3, '24.50'),
(10424, 'MEREP', 7, '2014-01-23', '2014-02-20', '2014-01-27', 2, '370.61'),
(10425, 'LAMAI', 6, '2014-01-24', '2014-02-21', '2014-02-14', 2, '7.93'),
(10426, 'GALED', 4, '2014-01-27', '2014-02-24', '2014-02-06', 1, '18.69'),
(10427, 'PICCO', 4, '2014-01-27', '2014-02-24', '2014-03-03', 2, '31.29'),
(10428, 'REGGC', 7, '2014-01-28', '2014-02-25', '2014-02-04', 1, '11.09'),
(10429, 'HUNGO', 3, '2014-01-29', '2014-03-12', '2014-02-07', 2, '56.63'),
(10430, 'ERNSH', 4, '2014-01-30', '2014-02-13', '2014-02-03', 1, '458.78'),
(10431, 'BOTTM', 4, '2014-01-30', '2014-02-13', '2014-02-07', 2, '44.17'),
(10432, 'SPLIR', 3, '2014-01-31', '2014-02-14', '2014-02-07', 2, '4.34'),
(10433, 'PRINI', 3, '2014-02-03', '2014-03-03', '2014-03-04', 3, '73.83'),
(10434, 'FOLKO', 3, '2014-02-03', '2014-03-03', '2014-02-13', 2, '17.92'),
(10435, 'CONSH', 8, '2014-02-04', '2014-03-18', '2014-02-07', 2, '9.21'),
(10436, 'BLONP', 3, '2014-02-05', '2014-03-05', '2014-02-11', 2, '156.66'),
(10437, 'WARTH', 8, '2014-02-05', '2014-03-05', '2014-02-12', 1, '19.97'),
(10438, 'TOMSP', 3, '2014-02-06', '2014-03-06', '2014-02-14', 2, '8.24'),
(10439, 'MEREP', 6, '2014-02-07', '2014-03-07', '2014-02-10', 3, '4.07'),
(10440, 'SAVEA', 4, '2014-02-10', '2014-03-10', '2014-02-28', 2, '86.53'),
(10441, 'OLDWO', 3, '2014-02-10', '2014-03-24', '2014-03-14', 2, '73.02'),
(10442, 'ERNSH', 3, '2014-02-11', '2014-03-11', '2014-02-18', 2, '47.94'),
(10443, 'REGGC', 8, '2014-02-12', '2014-03-12', '2014-02-14', 1, '13.95'),
(10444, 'BERGS', 3, '2014-02-12', '2014-03-12', '2014-02-21', 3, '3.50'),
(10445, 'BERGS', 3, '2014-02-13', '2014-03-13', '2014-02-20', 1, '9.30'),
(10446, 'TOMSP', 6, '2014-02-14', '2014-03-14', '2014-02-19', 1, '14.68'),
(10447, 'RICAR', 4, '2014-02-14', '2014-03-14', '2014-03-07', 2, '68.66'),
(10448, 'RANCH', 4, '2014-02-17', '2014-03-17', '2014-02-24', 2, '38.82'),
(10449, 'BLONP', 3, '2014-02-18', '2014-03-18', '2014-02-27', 2, '53.30'),
(10450, 'VICTE', 8, '2014-02-19', '2014-03-19', '2014-03-11', 2, '7.23'),
(10451, 'QUICK', 4, '2014-02-19', '2014-03-05', '2014-03-12', 3, '189.09'),
(10452, 'SAVEA', 8, '2014-02-20', '2014-03-20', '2014-02-26', 1, '140.26'),
(10453, 'AROUT', 1, '2014-02-21', '2014-03-21', '2014-02-26', 2, '25.36'),
(10454, 'LAMAI', 4, '2014-02-21', '2014-03-21', '2014-02-25', 3, '2.74'),
(10455, 'WARTH', 8, '2014-02-24', '2014-04-07', '2014-03-03', 2, '180.45'),
(10456, 'KOENE', 8, '2014-02-25', '2014-04-08', '2014-02-28', 2, '8.12'),
(10457, 'KOENE', 2, '2014-02-25', '2014-03-25', '2014-03-03', 1, '11.57'),
(10458, 'SUPRD', 7, '2014-02-26', '2014-03-26', '2014-03-04', 3, '147.06'),
(10459, 'VICTE', 4, '2014-02-27', '2014-03-27', '2014-02-28', 2, '25.09'),
(10460, 'FOLKO', 8, '2014-02-28', '2014-03-28', '2014-03-03', 1, '16.27'),
(10461, 'LILAS', 1, '2014-02-28', '2014-03-28', '2014-03-05', 3, '148.61'),
(10462, 'CONSH', 2, '2014-03-03', '2014-03-31', '2014-03-18', 1, '6.17'),
(10463, 'SUPRD', 5, '2014-03-04', '2014-04-01', '2014-03-06', 3, '14.78'),
(10464, 'FURIB', 4, '2014-03-04', '2014-04-01', '2014-03-14', 2, '89.00'),
(10465, 'VAFFE', 1, '2014-03-05', '2014-04-02', '2014-03-14', 3, '145.04'),
(10466, 'COMMI', 4, '2014-03-06', '2014-04-03', '2014-03-13', 1, '11.93'),
(10467, 'MAGAA', 8, '2014-03-06', '2014-04-03', '2014-03-11', 2, '4.93'),
(10468, 'KOENE', 3, '2014-03-07', '2014-04-04', '2014-03-12', 3, '44.12'),
(10469, 'WHITC', 1, '2014-03-10', '2014-04-07', '2014-03-14', 1, '60.18'),
(10470, 'BONAP', 4, '2014-03-11', '2014-04-08', '2014-03-14', 2, '64.56'),
(10471, 'BSBEV', 2, '2014-03-11', '2014-04-08', '2014-03-18', 3, '45.59'),
(10472, 'SEVES', 8, '2014-03-12', '2014-04-09', '2014-03-19', 1, '4.20'),
(10473, 'ISLAT', 1, '2014-03-13', '2014-03-27', '2014-03-21', 3, '16.37'),
(10474, 'PERIC', 5, '2014-03-13', '2014-04-10', '2014-03-21', 2, '83.49'),
(10475, 'SUPRD', 9, '2014-03-14', '2014-04-11', '2014-04-04', 1, '68.52'),
(10476, 'HILAA', 8, '2014-03-17', '2014-04-14', '2014-03-24', 3, '4.41'),
(10477, 'PRINI', 5, '2014-03-17', '2014-04-14', '2014-03-25', 2, '13.02'),
(10478, 'VICTE', 2, '2014-03-18', '2014-04-01', '2014-03-26', 3, '4.81'),
(10479, 'RATTC', 3, '2014-03-19', '2014-04-16', '2014-03-21', 3, '708.95'),
(10480, 'FOLIG', 6, '2014-03-20', '2014-04-17', '2014-03-24', 2, '1.35'),
(10481, 'RICAR', 8, '2014-03-20', '2014-04-17', '2014-03-25', 2, '64.33'),
(10482, 'LAZYK', 1, '2014-03-21', '2014-04-18', '2014-04-10', 3, '7.48'),
(10483, 'WHITC', 7, '2014-03-24', '2014-04-21', '2014-04-25', 2, '15.28'),
(10484, 'BSBEV', 3, '2014-03-24', '2014-04-21', '2014-04-01', 3, '6.88'),
(10485, 'LINOD', 4, '2014-03-25', '2014-04-08', '2014-03-31', 2, '64.45'),
(10486, 'HILAA', 1, '2014-03-26', '2014-04-23', '2014-04-02', 2, '30.53'),
(10487, 'QUEEN', 2, '2014-03-26', '2014-04-23', '2014-03-28', 2, '71.07'),
(10488, 'FRANK', 8, '2014-03-27', '2014-04-24', '2014-04-02', 2, '4.93'),
(10489, 'PICCO', 6, '2014-03-28', '2014-04-25', '2014-04-09', 2, '5.29'),
(10490, 'HILAA', 7, '2014-03-31', '2014-04-28', '2014-04-03', 2, '210.19'),
(10491, 'FURIB', 8, '2014-03-31', '2014-04-28', '2014-04-08', 3, '16.96'),
(10492, 'BOTTM', 3, '2014-04-01', '2014-04-29', '2014-04-11', 1, '62.89'),
(10493, 'LAMAI', 4, '2014-04-02', '2014-04-30', '2014-04-10', 3, '10.64'),
(10494, 'COMMI', 4, '2014-04-02', '2014-04-30', '2014-04-09', 2, '65.99'),
(10495, 'LAUGB', 3, '2014-04-03', '2014-05-01', '2014-04-11', 3, '4.65'),
(10496, 'TRADH', 7, '2014-04-04', '2014-05-02', '2014-04-07', 2, '46.77'),
(10497, 'LEHMS', 7, '2014-04-04', '2014-05-02', '2014-04-07', 1, '36.21'),
(10498, 'HILAA', 8, '2014-04-07', '2014-05-05', '2014-04-11', 2, '29.75'),
(10499, 'LILAS', 4, '2014-04-08', '2014-05-06', '2014-04-16', 2, '102.02'),
(10500, 'LAMAI', 6, '2014-04-09', '2014-05-07', '2014-04-17', 1, '42.68'),
(10501, 'BLAUS', 9, '2014-04-09', '2014-05-07', '2014-04-16', 3, '8.85'),
(10502, 'PERIC', 2, '2014-04-10', '2014-05-08', '2014-04-29', 1, '69.32'),
(10503, 'HUNGO', 6, '2014-04-11', '2014-05-09', '2014-04-16', 2, '16.74'),
(10504, 'WHITC', 4, '2014-04-11', '2014-05-09', '2014-04-18', 3, '59.13'),
(10505, 'MEREP', 3, '2014-04-14', '2014-05-12', '2014-04-21', 3, '7.13'),
(10506, 'KOENE', 9, '2014-04-15', '2014-05-13', '2014-05-02', 2, '21.19'),
(10507, 'ANTON', 7, '2014-04-15', '2014-05-13', '2014-04-22', 1, '47.45'),
(10508, 'OTTIK', 1, '2014-04-16', '2014-05-14', '2014-05-13', 2, '4.99'),
(10509, 'BLAUS', 4, '2014-04-17', '2014-05-15', '2014-04-29', 1, '0.15'),
(10510, 'SAVEA', 6, '2014-04-18', '2014-05-16', '2014-04-28', 3, '367.63'),
(10511, 'BONAP', 4, '2014-04-18', '2014-05-16', '2014-04-21', 3, '350.64'),
(10512, 'FAMIA', 7, '2014-04-21', '2014-05-19', '2014-04-24', 2, '3.53'),
(10513, 'WANDK', 7, '2014-04-22', '2014-06-03', '2014-04-28', 1, '105.65'),
(10514, 'ERNSH', 3, '2014-04-22', '2014-05-20', '2014-05-16', 2, '789.95'),
(10515, 'QUICK', 2, '2014-04-23', '2014-05-07', '2014-05-23', 1, '204.47'),
(10516, 'HUNGO', 2, '2014-04-24', '2014-05-22', '2014-05-01', 3, '62.78'),
(10517, 'NORTS', 3, '2014-04-24', '2014-05-22', '2014-04-29', 3, '32.07'),
(10518, 'TORTU', 4, '2014-04-25', '2014-05-09', '2014-05-05', 2, '218.15'),
(10519, 'CHOPS', 6, '2014-04-28', '2014-05-26', '2014-05-01', 3, '91.76'),
(10520, 'SANTG', 7, '2014-04-29', '2014-05-27', '2014-05-01', 1, '13.37'),
(10521, 'CACTU', 8, '2014-04-29', '2014-05-27', '2014-05-02', 2, '17.22'),
(10522, 'LEHMS', 4, '2014-04-30', '2014-05-28', '2014-05-06', 1, '45.33'),
(10523, 'SEVES', 7, '2014-05-01', '2014-05-29', '2014-05-30', 2, '77.63'),
(10524, 'BERGS', 1, '2014-05-01', '2014-05-29', '2014-05-07', 2, '244.79'),
(10525, 'BONAP', 1, '2014-05-02', '2014-05-30', '2014-05-23', 2, '11.06'),
(10526, 'WARTH', 4, '2014-05-05', '2014-06-02', '2014-05-15', 2, '58.59'),
(10527, 'QUICK', 7, '2014-05-05', '2014-06-02', '2014-05-07', 1, '41.90'),
(10528, 'GREAL', 6, '2014-05-06', '2014-05-20', '2014-05-09', 2, '3.35'),
(10529, 'MAISD', 5, '2014-05-07', '2014-06-04', '2014-05-09', 2, '66.69'),
(10530, 'PICCO', 3, '2014-05-08', '2014-06-05', '2014-05-12', 2, '339.22'),
(10531, 'OCEAN', 7, '2014-05-08', '2014-06-05', '2014-05-19', 1, '8.12'),
(10532, 'EASTC', 7, '2014-05-09', '2014-06-06', '2014-05-12', 3, '74.46'),
(10533, 'FOLKO', 8, '2014-05-12', '2014-06-09', '2014-05-22', 1, '188.04'),
(10534, 'LEHMS', 8, '2014-05-12', '2014-06-09', '2014-05-14', 2, '27.94'),
(10535, 'ANTON', 4, '2014-05-13', '2014-06-10', '2014-05-21', 1, '15.64'),
(10536, 'LEHMS', 3, '2014-05-14', '2014-06-11', '2014-06-06', 2, '58.88'),
(10537, 'RICSU', 1, '2014-05-14', '2014-05-28', '2014-05-19', 1, '78.85'),
(10538, 'BSBEV', 9, '2014-05-15', '2014-06-12', '2014-05-16', 3, '4.87'),
(10539, 'BSBEV', 6, '2014-05-16', '2014-06-13', '2014-05-23', 3, '12.36'),
(10540, 'QUICK', 3, '2014-05-19', '2014-06-16', '2014-06-13', 3, '1007.64'),
(10541, 'HANAR', 2, '2014-05-19', '2014-06-16', '2014-05-29', 1, '68.65'),
(10542, 'KOENE', 1, '2014-05-20', '2014-06-17', '2014-05-26', 3, '10.95'),
(10543, 'LILAS', 8, '2014-05-21', '2014-06-18', '2014-05-23', 2, '48.17'),
(10544, 'LONEP', 4, '2014-05-21', '2014-06-18', '2014-05-30', 1, '24.91'),
(10545, 'LAZYK', 8, '2014-05-22', '2014-06-19', '2014-06-26', 2, '11.92'),
(10546, 'VICTE', 1, '2014-05-23', '2014-06-20', '2014-05-27', 3, '194.72'),
(10547, 'SEVES', 3, '2014-05-23', '2014-06-20', '2014-06-02', 2, '178.43'),
(10548, 'TOMSP', 3, '2014-05-26', '2014-06-23', '2014-06-02', 2, '1.43'),
(10549, 'QUICK', 5, '2014-05-27', '2014-06-10', '2014-05-30', 1, '171.24'),
(10550, 'GODOS', 7, '2014-05-28', '2014-06-25', '2014-06-06', 3, '4.32'),
(10551, 'FURIB', 4, '2014-05-28', '2014-07-09', '2014-06-06', 3, '72.95'),
(10552, 'HILAA', 2, '2014-05-29', '2014-06-26', '2014-06-05', 1, '83.22'),
(10553, 'WARTH', 2, '2014-05-30', '2014-06-27', '2014-06-03', 2, '149.49'),
(10554, 'OTTIK', 4, '2014-05-30', '2014-06-27', '2014-06-05', 3, '120.97'),
(10555, 'SAVEA', 6, '2014-06-02', '2014-06-30', '2014-06-04', 3, '252.49'),
(10556, 'SIMOB', 2, '2014-06-03', '2014-07-15', '2014-06-13', 1, '9.80'),
(10557, 'LEHMS', 9, '2014-06-03', '2014-06-17', '2014-06-06', 2, '96.72'),
(10558, 'AROUT', 1, '2014-06-04', '2014-07-02', '2014-06-10', 2, '72.97'),
(10559, 'BLONP', 6, '2014-06-05', '2014-07-03', '2014-06-13', 1, '8.05'),
(10560, 'FRANK', 8, '2014-06-06', '2014-07-04', '2014-06-09', 1, '36.65'),
(10561, 'FOLKO', 2, '2014-06-06', '2014-07-04', '2014-06-09', 2, '242.21'),
(10562, 'REGGC', 1, '2014-06-09', '2014-07-07', '2014-06-12', 1, '22.95'),
(10563, 'RICAR', 2, '2014-06-10', '2014-07-22', '2014-06-24', 2, '60.43'),
(10564, 'RATTC', 4, '2014-06-10', '2014-07-08', '2014-06-16', 3, '13.75'),
(10565, 'MEREP', 8, '2014-06-11', '2014-07-09', '2014-06-18', 2, '7.15'),
(10566, 'BLONP', 9, '2014-06-12', '2014-07-10', '2014-06-18', 1, '88.40'),
(10567, 'HUNGO', 1, '2014-06-12', '2014-07-10', '2014-06-17', 1, '33.97'),
(10568, 'GALED', 3, '2014-06-13', '2014-07-11', '2014-07-09', 3, '6.54'),
(10569, 'RATTC', 5, '2014-06-16', '2014-07-14', '2014-07-11', 1, '58.98'),
(10570, 'MEREP', 3, '2014-06-17', '2014-07-15', '2014-06-19', 3, '188.99'),
(10571, 'ERNSH', 8, '2014-06-17', '2014-07-29', '2014-07-04', 3, '26.06'),
(10572, 'BERGS', 3, '2014-06-18', '2014-07-16', '2014-06-25', 2, '116.43'),
(10573, 'ANTON', 7, '2014-06-19', '2014-07-17', '2014-06-20', 3, '84.84'),
(10574, 'TRAIH', 4, '2014-06-19', '2014-07-17', '2014-06-30', 2, '37.60'),
(10575, 'MORGK', 5, '2014-06-20', '2014-07-04', '2014-06-30', 1, '127.34'),
(10576, 'TORTU', 3, '2014-06-23', '2014-07-07', '2014-06-30', 3, '18.56'),
(10577, 'TRAIH', 9, '2014-06-23', '2014-08-04', '2014-06-30', 2, '25.41'),
(10578, 'BSBEV', 4, '2014-06-24', '2014-07-22', '2014-07-25', 3, '29.60'),
(10579, 'LETSS', 1, '2014-06-25', '2014-07-23', '2014-07-04', 2, '13.73'),
(10580, 'OTTIK', 4, '2014-06-26', '2014-07-24', '2014-07-01', 3, '75.89'),
(10581, 'FAMIA', 3, '2014-06-26', '2014-07-24', '2014-07-02', 1, '3.01'),
(10582, 'BLAUS', 3, '2014-06-27', '2014-07-25', '2014-07-14', 2, '27.71'),
(10583, 'WARTH', 2, '2014-06-30', '2014-07-28', '2014-07-04', 2, '7.28'),
(10584, 'BLONP', 4, '2014-06-30', '2014-07-28', '2014-07-04', 1, '59.14'),
(10585, 'WELLI', 7, '2014-07-01', '2014-07-29', '2014-07-10', 1, '13.41'),
(10586, 'REGGC', 9, '2014-07-02', '2014-07-30', '2014-07-09', 1, '0.48'),
(10587, 'QUEDE', 1, '2014-07-02', '2014-07-30', '2014-07-09', 1, '62.52'),
(10588, 'QUICK', 2, '2014-07-03', '2014-07-31', '2014-07-10', 3, '194.67'),
(10589, 'GREAL', 8, '2014-07-04', '2014-08-01', '2014-07-14', 2, '4.42'),
(10590, 'MEREP', 4, '2014-07-07', '2014-08-04', '2014-07-14', 3, '44.77'),
(10591, 'VAFFE', 1, '2014-07-07', '2014-07-21', '2014-07-16', 1, '55.92'),
(10592, 'LEHMS', 3, '2014-07-08', '2014-08-05', '2014-07-16', 1, '32.10'),
(10593, 'LEHMS', 7, '2014-07-09', '2014-08-06', '2014-08-13', 2, '174.20'),
(10594, 'OLDWO', 3, '2014-07-09', '2014-08-06', '2014-07-16', 2, '5.24'),
(10595, 'ERNSH', 2, '2014-07-10', '2014-08-07', '2014-07-14', 1, '96.78'),
(10596, 'WHITC', 8, '2014-07-11', '2014-08-08', '2014-08-12', 1, '16.34'),
(10597, 'PICCO', 7, '2014-07-11', '2014-08-08', '2014-07-18', 3, '35.12'),
(10598, 'RATTC', 1, '2014-07-14', '2014-08-11', '2014-07-18', 3, '44.42'),
(10599, 'BSBEV', 6, '2014-07-15', '2014-08-26', '2014-07-21', 3, '29.98'),
(10600, 'HUNGC', 4, '2014-07-16', '2014-08-13', '2014-07-21', 1, '45.13'),
(10601, 'HILAA', 7, '2014-07-16', '2014-08-27', '2014-07-22', 1, '58.30'),
(10602, 'VAFFE', 8, '2014-07-17', '2014-08-14', '2014-07-22', 2, '2.92'),
(10603, 'SAVEA', 8, '2014-07-18', '2014-08-15', '2014-08-08', 2, '48.77'),
(10604, 'FURIB', 1, '2014-07-18', '2014-08-15', '2014-07-29', 1, '7.46'),
(10605, 'MEREP', 1, '2014-07-21', '2014-08-18', '2014-07-29', 2, '379.13'),
(10606, 'TRADH', 4, '2014-07-22', '2014-08-19', '2014-07-31', 3, '79.40'),
(10607, 'SAVEA', 5, '2014-07-22', '2014-08-19', '2014-07-25', 1, '200.24'),
(10608, 'TOMSP', 4, '2014-07-23', '2014-08-20', '2014-08-01', 2, '27.79'),
(10609, 'DUMON', 7, '2014-07-24', '2014-08-21', '2014-07-30', 2, '1.85'),
(10610, 'LAMAI', 8, '2014-07-25', '2014-08-22', '2014-08-06', 1, '26.78'),
(10611, 'WOLZA', 6, '2014-07-25', '2014-08-22', '2014-08-01', 2, '80.65'),
(10612, 'SAVEA', 1, '2014-07-28', '2014-08-25', '2014-08-01', 2, '544.08'),
(10613, 'HILAA', 4, '2014-07-29', '2014-08-26', '2014-08-01', 2, '8.11'),
(10614, 'BLAUS', 8, '2014-07-29', '2014-08-26', '2014-08-01', 3, '1.93'),
(10615, 'WILMK', 2, '2014-07-30', '2014-08-27', '2014-08-06', 3, '0.75'),
(10616, 'GREAL', 1, '2014-07-31', '2014-08-28', '2014-08-05', 2, '116.53'),
(10617, 'GREAL', 4, '2014-07-31', '2014-08-28', '2014-08-04', 2, '18.53'),
(10618, 'MEREP', 1, '2014-08-01', '2014-09-12', '2014-08-08', 1, '154.68'),
(10619, 'MEREP', 3, '2014-08-04', '2014-09-01', '2014-08-07', 3, '91.05'),
(10620, 'LAUGB', 2, '2014-08-05', '2014-09-02', '2014-08-14', 3, '0.94'),
(10621, 'ISLAT', 4, '2014-08-05', '2014-09-02', '2014-08-11', 2, '23.73'),
(10622, 'RICAR', 4, '2014-08-06', '2014-09-03', '2014-08-11', 3, '50.97'),
(10623, 'FRANK', 8, '2014-08-07', '2014-09-04', '2014-08-12', 2, '97.18'),
(10624, 'THECR', 4, '2014-08-07', '2014-09-04', '2014-08-19', 2, '94.80'),
(10625, 'ANATR', 3, '2014-08-08', '2014-09-05', '2014-08-14', 1, '43.90'),
(10626, 'BERGS', 1, '2014-08-11', '2014-09-08', '2014-08-20', 2, '138.69'),
(10627, 'SAVEA', 8, '2014-08-11', '2014-09-22', '2014-08-21', 3, '107.46'),
(10628, 'BLONP', 4, '2014-08-12', '2014-09-09', '2014-08-20', 3, '30.36'),
(10629, 'GODOS', 4, '2014-08-12', '2014-09-09', '2014-08-20', 3, '85.46'),
(10630, 'KOENE', 1, '2014-08-13', '2014-09-10', '2014-08-19', 2, '32.35'),
(10631, 'LAMAI', 8, '2014-08-14', '2014-09-11', '2014-08-15', 1, '0.87'),
(10632, 'WANDK', 8, '2014-08-14', '2014-09-11', '2014-08-19', 1, '41.38'),
(10633, 'ERNSH', 7, '2014-08-15', '2014-09-12', '2014-08-18', 3, '477.90'),
(10634, 'FOLIG', 4, '2014-08-15', '2014-09-12', '2014-08-21', 3, '487.38'),
(10635, 'MAGAA', 8, '2014-08-18', '2014-09-15', '2014-08-21', 3, '47.46'),
(10636, 'WARTH', 4, '2014-08-19', '2014-09-16', '2014-08-26', 1, '1.15'),
(10637, 'QUEEN', 6, '2014-08-19', '2014-09-16', '2014-08-26', 1, '201.29'),
(10638, 'LINOD', 3, '2014-08-20', '2014-09-17', '2014-09-01', 1, '158.44'),
(10639, 'SANTG', 7, '2014-08-20', '2014-09-17', '2014-08-27', 3, '38.64'),
(10640, 'WANDK', 4, '2014-08-21', '2014-09-18', '2014-08-28', 1, '23.55'),
(10641, 'HILAA', 4, '2014-08-22', '2014-09-19', '2014-08-26', 2, '179.61'),
(10642, 'SIMOB', 7, '2014-08-22', '2014-09-19', '2014-09-05', 3, '41.89'),
(10643, 'ALFKI', 6, '2014-08-25', '2014-09-22', '2014-09-02', 1, '29.46'),
(10644, 'WELLI', 3, '2014-08-25', '2014-09-22', '2014-09-01', 2, '0.14'),
(10645, 'HANAR', 4, '2014-08-26', '2014-09-23', '2014-09-02', 1, '12.41'),
(10646, 'HUNGO', 9, '2014-08-27', '2014-10-08', '2014-09-03', 3, '142.33'),
(10647, 'QUEDE', 4, '2014-08-27', '2014-09-10', '2014-09-03', 2, '45.54'),
(10648, 'RICAR', 5, '2014-08-28', '2014-10-09', '2014-09-09', 2, '14.25'),
(10649, 'MAISD', 5, '2014-08-28', '2014-09-25', '2014-08-29', 3, '6.20'),
(10650, 'FAMIA', 5, '2014-08-29', '2014-09-26', '2014-09-03', 3, '176.81'),
(10651, 'WANDK', 8, '2014-09-01', '2014-09-29', '2014-09-11', 2, '20.60'),
(10652, 'GOURL', 4, '2014-09-01', '2014-09-29', '2014-09-08', 2, '7.14'),
(10653, 'FRANK', 1, '2014-09-02', '2014-09-30', '2014-09-19', 1, '93.25'),
(10654, 'BERGS', 5, '2014-09-02', '2014-09-30', '2014-09-11', 1, '55.26'),
(10655, 'REGGC', 1, '2014-09-03', '2014-10-01', '2014-09-11', 2, '4.41'),
(10656, 'GREAL', 6, '2014-09-04', '2014-10-02', '2014-09-10', 1, '57.15'),
(10657, 'SAVEA', 2, '2014-09-04', '2014-10-02', '2014-09-15', 2, '352.69'),
(10658, 'QUICK', 4, '2014-09-05', '2014-10-03', '2014-09-08', 1, '364.15'),
(10659, 'QUEEN', 7, '2014-09-05', '2014-10-03', '2014-09-10', 2, '105.81'),
(10660, 'HUNGC', 8, '2014-09-08', '2014-10-06', '2014-10-15', 1, '111.29'),
(10661, 'HUNGO', 7, '2014-09-09', '2014-10-07', '2014-09-15', 3, '17.55'),
(10662, 'LONEP', 3, '2014-09-09', '2014-10-07', '2014-09-18', 2, '1.28'),
(10663, 'BONAP', 2, '2014-09-10', '2014-09-24', '2014-10-03', 2, '113.15'),
(10664, 'FURIB', 1, '2014-09-10', '2014-10-08', '2014-09-19', 3, '1.27'),
(10665, 'LONEP', 1, '2014-09-11', '2014-10-09', '2014-09-17', 2, '26.31'),
(10666, 'RICSU', 7, '2014-09-12', '2014-10-10', '2014-09-22', 2, '232.42'),
(10667, 'ERNSH', 7, '2014-09-12', '2014-10-10', '2014-09-19', 1, '78.09'),
(10668, 'WANDK', 1, '2014-09-15', '2014-10-13', '2014-09-23', 2, '47.22'),
(10669, 'SIMOB', 2, '2014-09-15', '2014-10-13', '2014-09-22', 1, '24.39'),
(10670, 'FRANK', 4, '2014-09-16', '2014-10-14', '2014-09-18', 1, '203.48'),
(10671, 'FRANR', 1, '2014-09-17', '2014-10-15', '2014-09-24', 1, '30.34'),
(10672, 'BERGS', 9, '2014-09-17', '2014-10-01', '2014-09-26', 2, '95.75'),
(10673, 'WILMK', 2, '2014-09-18', '2014-10-16', '2014-09-19', 1, '22.76'),
(10674, 'ISLAT', 4, '2014-09-18', '2014-10-16', '2014-09-30', 2, '0.90'),
(10675, 'FRANK', 5, '2014-09-19', '2014-10-17', '2014-09-23', 2, '31.85'),
(10676, 'TORTU', 2, '2014-09-22', '2014-10-20', '2014-09-29', 2, '2.01'),
(10677, 'ANTON', 1, '2014-09-22', '2014-10-20', '2014-09-26', 3, '4.03'),
(10678, 'SAVEA', 7, '2014-09-23', '2014-10-21', '2014-10-16', 3, '388.98'),
(10679, 'BLONP', 8, '2014-09-23', '2014-10-21', '2014-09-30', 3, '27.94'),
(10680, 'OLDWO', 1, '2014-09-24', '2014-10-22', '2014-09-26', 1, '26.61'),
(10681, 'GREAL', 3, '2014-09-25', '2014-10-23', '2014-09-30', 3, '76.13'),
(10682, 'ANTON', 3, '2014-09-25', '2014-10-23', '2014-10-01', 2, '36.13'),
(10683, 'DUMON', 2, '2014-09-26', '2014-10-24', '2014-10-01', 1, '4.40'),
(10684, 'OTTIK', 3, '2014-09-26', '2014-10-24', '2014-09-30', 1, '145.63'),
(10685, 'GOURL', 4, '2014-09-29', '2014-10-13', '2014-10-03', 2, '33.75'),
(10686, 'PICCO', 2, '2014-09-30', '2014-10-28', '2014-10-08', 1, '96.50'),
(10687, 'HUNGO', 9, '2014-09-30', '2014-10-28', '2014-10-30', 2, '296.43'),
(10688, 'VAFFE', 4, '2014-10-01', '2014-10-15', '2014-10-07', 2, '299.09'),
(10689, 'BERGS', 1, '2014-10-01', '2014-10-29', '2014-10-07', 2, '13.42'),
(10690, 'HANAR', 1, '2014-10-02', '2014-10-30', '2014-10-03', 1, '15.80'),
(10691, 'QUICK', 2, '2014-10-03', '2014-11-14', '2014-10-22', 2, '810.05'),
(10692, 'ALFKI', 4, '2014-10-03', '2014-10-31', '2014-10-13', 2, '61.02'),
(10693, 'WHITC', 3, '2014-10-06', '2014-10-20', '2014-10-10', 3, '139.34'),
(10694, 'QUICK', 8, '2014-10-06', '2014-11-03', '2014-10-09', 3, '398.36'),
(10695, 'WILMK', 7, '2014-10-07', '2014-11-18', '2014-10-14', 1, '16.72'),
(10696, 'WHITC', 8, '2014-10-08', '2014-11-19', '2014-10-14', 3, '102.55'),
(10697, 'LINOD', 3, '2014-10-08', '2014-11-05', '2014-10-14', 1, '45.52'),
(10698, 'ERNSH', 4, '2014-10-09', '2014-11-06', '2014-10-17', 1, '272.47'),
(10699, 'MORGK', 3, '2014-10-09', '2014-11-06', '2014-10-13', 3, '0.58'),
(10700, 'SAVEA', 3, '2014-10-10', '2014-11-07', '2014-10-16', 1, '65.10'),
(10701, 'HUNGO', 6, '2014-10-13', '2014-10-27', '2014-10-15', 3, '220.31'),
(10702, 'ALFKI', 4, '2014-10-13', '2014-11-24', '2014-10-21', 1, '23.94'),
(10703, 'FOLKO', 6, '2014-10-14', '2014-11-11', '2014-10-20', 2, '152.30'),
(10704, 'QUEEN', 6, '2014-10-14', '2014-11-11', '2014-11-07', 1, '4.78'),
(10705, 'HILAA', 9, '2014-10-15', '2014-11-12', '2014-11-18', 2, '3.52'),
(10706, 'OLDWO', 8, '2014-10-16', '2014-11-13', '2014-10-21', 3, '135.63'),
(10707, 'AROUT', 4, '2014-10-16', '2014-10-30', '2014-10-23', 3, '21.74'),
(10708, 'THEBI', 6, '2014-10-17', '2014-11-28', '2014-11-05', 2, '2.96'),
(10709, 'GOURL', 1, '2014-10-17', '2014-11-14', '2014-11-20', 3, '210.80'),
(10710, 'FRANS', 1, '2014-10-20', '2014-11-17', '2014-10-23', 1, '4.98'),
(10711, 'SAVEA', 5, '2014-10-21', '2014-12-02', '2014-10-29', 2, '52.41'),
(10712, 'HUNGO', 3, '2014-10-21', '2014-11-18', '2014-10-31', 1, '89.93'),
(10713, 'SAVEA', 1, '2014-10-22', '2014-11-19', '2014-10-24', 1, '167.05'),
(10714, 'SAVEA', 5, '2014-10-22', '2014-11-19', '2014-10-27', 3, '24.49'),
(10715, 'BONAP', 3, '2014-10-23', '2014-11-06', '2014-10-29', 1, '63.20'),
(10716, 'RANCH', 4, '2014-10-24', '2014-11-21', '2014-10-27', 2, '22.57'),
(10717, 'FRANK', 1, '2014-10-24', '2014-11-21', '2014-10-29', 2, '59.25'),
(10718, 'KOENE', 1, '2014-10-27', '2014-11-24', '2014-10-29', 3, '170.88'),
(10719, 'LETSS', 8, '2014-10-27', '2014-11-24', '2014-11-05', 2, '51.44'),
(10720, 'QUEDE', 8, '2014-10-28', '2014-11-11', '2014-11-05', 2, '9.53'),
(10721, 'QUICK', 5, '2014-10-29', '2014-11-26', '2014-10-31', 3, '48.92'),
(10722, 'SAVEA', 8, '2014-10-29', '2014-12-10', '2014-11-04', 1, '74.58'),
(10723, 'WHITC', 3, '2014-10-30', '2014-11-27', '2014-11-25', 1, '21.72'),
(10724, 'MEREP', 8, '2014-10-30', '2014-12-11', '2014-11-05', 2, '57.75'),
(10725, 'FAMIA', 4, '2014-10-31', '2014-11-28', '2014-11-05', 3, '10.83'),
(10726, 'EASTC', 4, '2014-11-03', '2014-11-17', '2014-12-05', 1, '16.56'),
(10727, 'REGGC', 2, '2014-11-03', '2014-12-01', '2014-12-05', 1, '89.90'),
(10728, 'QUEEN', 4, '2014-11-04', '2014-12-02', '2014-11-11', 2, '58.33'),
(10729, 'LINOD', 8, '2014-11-04', '2014-12-16', '2014-11-14', 3, '141.06'),
(10730, 'BONAP', 5, '2014-11-05', '2014-12-03', '2014-11-14', 1, '20.12'),
(10731, 'CHOPS', 7, '2014-11-06', '2014-12-04', '2014-11-14', 1, '96.65'),
(10732, 'BONAP', 3, '2014-11-06', '2014-12-04', '2014-11-07', 1, '16.97'),
(10733, 'BERGS', 1, '2014-11-07', '2014-12-05', '2014-11-10', 3, '110.11'),
(10734, 'GOURL', 2, '2014-11-07', '2014-12-05', '2014-11-12', 3, '1.63'),
(10735, 'LETSS', 6, '2014-11-10', '2014-12-08', '2014-11-21', 2, '45.97'),
(10736, 'HUNGO', 9, '2014-11-11', '2014-12-09', '2014-11-21', 2, '44.10'),
(10737, 'VINET', 2, '2014-11-11', '2014-12-09', '2014-11-18', 2, '7.79'),
(10738, 'SPECD', 2, '2014-11-12', '2014-12-10', '2014-11-18', 1, '2.91'),
(10739, 'VINET', 3, '2014-11-12', '2014-12-10', '2014-11-17', 3, '11.08'),
(10740, 'WHITC', 4, '2014-11-13', '2014-12-11', '2014-11-25', 2, '81.88'),
(10741, 'AROUT', 4, '2014-11-14', '2014-11-28', '2014-11-18', 3, '10.96'),
(10742, 'BOTTM', 3, '2014-11-14', '2014-12-12', '2014-11-18', 3, '243.73'),
(10743, 'AROUT', 1, '2014-11-17', '2014-12-15', '2014-11-21', 2, '23.72'),
(10744, 'VAFFE', 6, '2014-11-17', '2014-12-15', '2014-11-24', 1, '69.19'),
(10745, 'QUICK', 9, '2014-11-18', '2014-12-16', '2014-11-27', 1, '3.52'),
(10746, 'CHOPS', 1, '2014-11-19', '2014-12-17', '2014-11-21', 3, '31.43'),
(10747, 'PICCO', 6, '2014-11-19', '2014-12-17', '2014-11-26', 1, '117.33'),
(10748, 'SAVEA', 3, '2014-11-20', '2014-12-18', '2014-11-28', 1, '232.55'),
(10749, 'ISLAT', 4, '2014-11-20', '2014-12-18', '2014-12-19', 2, '61.53'),
(10750, 'WARTH', 9, '2014-11-21', '2014-12-19', '2014-11-24', 1, '79.30'),
(10751, 'RICSU', 3, '2014-11-24', '2014-12-22', '2014-12-03', 3, '130.79'),
(10752, 'NORTS', 2, '2014-11-24', '2014-12-22', '2014-11-28', 3, '1.39'),
(10753, 'FRANS', 3, '2014-11-25', '2014-12-23', '2014-11-27', 1, '7.70'),
(10754, 'MAGAA', 6, '2014-11-25', '2014-12-23', '2014-11-27', 3, '2.38'),
(10755, 'BONAP', 4, '2014-11-26', '2014-12-24', '2014-11-28', 2, '16.71'),
(10756, 'SPLIR', 8, '2014-11-27', '2014-12-25', '2014-12-02', 2, '73.21'),
(10757, 'SAVEA', 6, '2014-11-27', '2014-12-25', '2014-12-15', 1, '8.19'),
(10758, 'RICSU', 3, '2014-11-28', '2014-12-26', '2014-12-04', 3, '138.17'),
(10759, 'ANATR', 3, '2014-11-28', '2014-12-26', '2014-12-12', 3, '11.99'),
(10760, 'MAISD', 4, '2014-12-01', '2014-12-29', '2014-12-10', 1, '155.64'),
(10761, 'RATTC', 5, '2014-12-02', '2014-12-30', '2014-12-08', 2, '18.66'),
(10762, 'FOLKO', 3, '2014-12-02', '2014-12-30', '2014-12-09', 1, '328.74'),
(10763, 'FOLIG', 3, '2014-12-03', '2014-12-31', '2014-12-08', 3, '37.35'),
(10764, 'ERNSH', 6, '2014-12-03', '2014-12-31', '2014-12-08', 3, '145.45'),
(10765, 'QUICK', 3, '2014-12-04', '2015-01-01', '2014-12-09', 3, '42.74'),
(10766, 'OTTIK', 4, '2014-12-05', '2015-01-02', '2014-12-09', 1, '157.55'),
(10767, 'SUPRD', 4, '2014-12-05', '2015-01-02', '2014-12-15', 3, '1.59'),
(10768, 'AROUT', 3, '2014-12-08', '2015-01-05', '2014-12-15', 2, '146.32'),
(10769, 'VAFFE', 3, '2014-12-08', '2015-01-05', '2014-12-12', 1, '65.06'),
(10770, 'HANAR', 8, '2014-12-09', '2015-01-06', '2014-12-17', 3, '5.32'),
(10771, 'ERNSH', 9, '2014-12-10', '2015-01-07', '2015-01-02', 2, '11.19'),
(10772, 'LEHMS', 3, '2014-12-10', '2015-01-07', '2014-12-19', 2, '91.28'),
(10773, 'ERNSH', 1, '2014-12-11', '2015-01-08', '2014-12-16', 3, '96.43'),
(10774, 'FOLKO', 4, '2014-12-11', '2014-12-25', '2014-12-12', 1, '48.20'),
(10775, 'THECR', 7, '2014-12-12', '2015-01-09', '2014-12-26', 1, '20.25'),
(10776, 'ERNSH', 1, '2014-12-15', '2015-01-12', '2014-12-18', 3, '351.53'),
(10777, 'GOURL', 7, '2014-12-15', '2014-12-29', '2015-01-21', 2, '3.01'),
(10778, 'BERGS', 3, '2014-12-16', '2015-01-13', '2014-12-24', 1, '6.79'),
(10779, 'MORGK', 3, '2014-12-16', '2015-01-13', '2015-01-14', 2, '58.13'),
(10780, 'LILAS', 2, '2014-12-16', '2014-12-30', '2014-12-25', 1, '42.13'),
(10781, 'WARTH', 2, '2014-12-17', '2015-01-14', '2014-12-19', 3, '73.16'),
(10782, 'CACTU', 9, '2014-12-17', '2015-01-14', '2014-12-22', 3, '1.10'),
(10783, 'HANAR', 4, '2014-12-18', '2015-01-15', '2014-12-19', 2, '124.98'),
(10784, 'MAGAA', 4, '2014-12-18', '2015-01-15', '2014-12-22', 3, '70.09'),
(10785, 'GROSR', 1, '2014-12-18', '2015-01-15', '2014-12-24', 3, '1.51'),
(10786, 'QUEEN', 8, '2014-12-19', '2015-01-16', '2014-12-23', 1, '110.87'),
(10787, 'LAMAI', 2, '2014-12-19', '2015-01-02', '2014-12-26', 1, '249.93'),
(10788, 'QUICK', 1, '2014-12-22', '2015-01-19', '2015-01-19', 2, '42.70'),
(10789, 'FOLIG', 1, '2014-12-22', '2015-01-19', '2014-12-31', 2, '100.60'),
(10790, 'GOURL', 6, '2014-12-22', '2015-01-19', '2014-12-26', 1, '28.23'),
(10791, 'FRANK', 6, '2014-12-23', '2015-01-20', '2015-01-01', 2, '16.85'),
(10792, 'WOLZA', 1, '2014-12-23', '2015-01-20', '2014-12-31', 3, '23.79'),
(10793, 'AROUT', 3, '2014-12-24', '2015-01-21', '2015-01-08', 3, '4.52'),
(10794, 'QUEDE', 6, '2014-12-24', '2015-01-21', '2015-01-02', 1, '21.49'),
(10795, 'ERNSH', 8, '2014-12-24', '2015-01-21', '2015-01-20', 2, '126.66'),
(10796, 'HILAA', 3, '2014-12-25', '2015-01-22', '2015-01-14', 1, '26.52'),
(10797, 'DRACD', 7, '2014-12-25', '2015-01-22', '2015-01-05', 2, '33.35'),
(10798, 'ISLAT', 2, '2014-12-26', '2015-01-23', '2015-01-05', 1, '2.33'),
(10799, 'KOENE', 9, '2014-12-26', '2015-02-06', '2015-01-05', 3, '30.76'),
(10800, 'SEVES', 1, '2014-12-26', '2015-01-23', '2015-01-05', 3, '137.44'),
(10801, 'BOLID', 4, '2014-12-29', '2015-01-26', '2014-12-31', 2, '97.09'),
(10802, 'SIMOB', 4, '2014-12-29', '2015-01-26', '2015-01-02', 2, '257.26'),
(10803, 'WELLI', 4, '2014-12-30', '2015-01-27', '2015-01-06', 1, '55.23'),
(10804, 'SEVES', 6, '2014-12-30', '2015-01-27', '2015-01-07', 2, '27.33'),
(10805, 'THEBI', 2, '2014-12-30', '2015-01-27', '2015-01-09', 3, '237.34'),
(10806, 'VICTE', 3, '2014-12-31', '2015-01-28', '2015-01-05', 2, '22.11'),
(10807, 'FRANS', 4, '2014-12-31', '2015-01-28', '2015-01-30', 1, '1.36'),
(10808, 'OLDWO', 2, '2015-01-01', '2015-01-29', '2015-01-09', 3, '45.53'),
(10809, 'WELLI', 7, '2015-01-01', '2015-01-29', '2015-01-07', 1, '4.87'),
(10810, 'LAUGB', 2, '2015-01-01', '2015-01-29', '2015-01-07', 3, '4.33'),
(10811, 'LINOD', 8, '2015-01-02', '2015-01-30', '2015-01-08', 1, '31.22'),
(10812, 'REGGC', 5, '2015-01-02', '2015-01-30', '2015-01-12', 1, '59.78'),
(10813, 'RICAR', 1, '2015-01-05', '2015-02-02', '2015-01-09', 1, '47.38'),
(10814, 'VICTE', 3, '2015-01-05', '2015-02-02', '2015-01-14', 3, '130.94'),
(10815, 'SAVEA', 2, '2015-01-05', '2015-02-02', '2015-01-14', 3, '14.62'),
(10816, 'GREAL', 4, '2015-01-06', '2015-02-03', '2015-02-04', 2, '719.78'),
(10817, 'KOENE', 3, '2015-01-06', '2015-01-20', '2015-01-13', 2, '306.07'),
(10818, 'MAGAA', 7, '2015-01-07', '2015-02-04', '2015-01-12', 3, '65.48'),
(10819, 'CACTU', 2, '2015-01-07', '2015-02-04', '2015-01-16', 3, '19.76'),
(10820, 'RATTC', 3, '2015-01-07', '2015-02-04', '2015-01-13', 2, '37.52'),
(10821, 'SPLIR', 1, '2015-01-08', '2015-02-05', '2015-01-15', 1, '36.68'),
(10822, 'TRAIH', 6, '2015-01-08', '2015-02-05', '2015-01-16', 3, '7.00'),
(10823, 'LILAS', 5, '2015-01-09', '2015-02-06', '2015-01-13', 2, '163.97'),
(10824, 'FOLKO', 8, '2015-01-09', '2015-02-06', '2015-01-30', 1, '1.23'),
(10825, 'DRACD', 1, '2015-01-09', '2015-02-06', '2015-01-14', 1, '79.25'),
(10826, 'BLONP', 6, '2015-01-12', '2015-02-09', '2015-02-06', 1, '7.09'),
(10827, 'BONAP', 1, '2015-01-12', '2015-01-26', '2015-02-06', 2, '63.54'),
(10828, 'RANCH', 9, '2015-01-13', '2015-01-27', '2015-02-04', 1, '90.85'),
(10829, 'ISLAT', 9, '2015-01-13', '2015-02-10', '2015-01-23', 1, '154.72'),
(10830, 'TRADH', 4, '2015-01-13', '2015-02-24', '2015-01-21', 2, '81.83'),
(10831, 'SANTG', 3, '2015-01-14', '2015-02-11', '2015-01-23', 2, '72.19'),
(10832, 'LAMAI', 2, '2015-01-14', '2015-02-11', '2015-01-19', 2, '43.26'),
(10833, 'OTTIK', 6, '2015-01-15', '2015-02-12', '2015-01-23', 2, '71.49'),
(10834, 'TRADH', 1, '2015-01-15', '2015-02-12', '2015-01-19', 3, '29.78'),
(10835, 'ALFKI', 1, '2015-01-15', '2015-02-12', '2015-01-21', 3, '69.53'),
(10836, 'ERNSH', 7, '2015-01-16', '2015-02-13', '2015-01-21', 1, '411.88'),
(10837, 'BERGS', 9, '2015-01-16', '2015-02-13', '2015-01-23', 3, '13.32'),
(10838, 'LINOD', 3, '2015-01-19', '2015-02-16', '2015-01-23', 3, '59.28'),
(10839, 'TRADH', 3, '2015-01-19', '2015-02-16', '2015-01-22', 3, '35.43'),
(10840, 'LINOD', 4, '2015-01-19', '2015-03-02', '2015-02-16', 2, '2.71'),
(10841, 'SUPRD', 5, '2015-01-20', '2015-02-17', '2015-01-29', 2, '424.30'),
(10842, 'TORTU', 1, '2015-01-20', '2015-02-17', '2015-01-29', 3, '54.42'),
(10843, 'VICTE', 4, '2015-01-21', '2015-02-18', '2015-01-26', 2, '9.26'),
(10844, 'PICCO', 8, '2015-01-21', '2015-02-18', '2015-01-26', 2, '25.22'),
(10845, 'QUICK', 8, '2015-01-21', '2015-02-04', '2015-01-30', 1, '212.98'),
(10846, 'SUPRD', 2, '2015-01-22', '2015-03-05', '2015-01-23', 3, '56.46'),
(10847, 'SAVEA', 4, '2015-01-22', '2015-02-05', '2015-02-10', 3, '487.57'),
(10848, 'CONSH', 7, '2015-01-23', '2015-02-20', '2015-01-29', 2, '38.24'),
(10849, 'KOENE', 9, '2015-01-23', '2015-02-20', '2015-01-30', 2, '0.56'),
(10850, 'VICTE', 1, '2015-01-23', '2015-03-06', '2015-01-30', 1, '49.19'),
(10851, 'RICAR', 5, '2015-01-26', '2015-02-23', '2015-02-02', 1, '160.55'),
(10852, 'RATTC', 8, '2015-01-26', '2015-02-09', '2015-01-30', 1, '174.05'),
(10853, 'BLAUS', 9, '2015-01-27', '2015-02-24', '2015-02-03', 2, '53.83'),
(10854, 'ERNSH', 3, '2015-01-27', '2015-02-24', '2015-02-05', 2, '100.22'),
(10855, 'OLDWO', 3, '2015-01-27', '2015-02-24', '2015-02-04', 1, '170.97'),
(10856, 'ANTON', 3, '2015-01-28', '2015-02-25', '2015-02-10', 2, '58.43'),
(10857, 'BERGS', 8, '2015-01-28', '2015-02-25', '2015-02-06', 2, '188.85'),
(10858, 'LACOR', 2, '2015-01-29', '2015-02-26', '2015-02-03', 1, '52.51'),
(10859, 'FRANK', 1, '2015-01-29', '2015-02-26', '2015-02-02', 2, '76.10'),
(10860, 'FRANR', 3, '2015-01-29', '2015-02-26', '2015-02-04', 3, '19.26'),
(10861, 'WHITC', 4, '2015-01-30', '2015-02-27', '2015-02-17', 2, '14.93'),
(10862, 'LEHMS', 8, '2015-01-30', '2015-03-13', '2015-02-02', 2, '53.23'),
(10863, 'HILAA', 4, '2015-02-02', '2015-03-02', '2015-02-17', 2, '30.26'),
(10864, 'AROUT', 4, '2015-02-02', '2015-03-02', '2015-02-09', 2, '3.04'),
(10865, 'QUICK', 2, '2015-02-02', '2015-02-16', '2015-02-12', 1, '348.14'),
(10866, 'BERGS', 5, '2015-02-03', '2015-03-03', '2015-02-12', 1, '109.11'),
(10867, 'LONEP', 6, '2015-02-03', '2015-03-17', '2015-02-11', 1, '1.93'),
(10868, 'QUEEN', 7, '2015-02-04', '2015-03-04', '2015-02-23', 2, '191.27'),
(10869, 'SEVES', 5, '2015-02-04', '2015-03-04', '2015-02-09', 1, '143.28'),
(10870, 'WOLZA', 5, '2015-02-04', '2015-03-04', '2015-02-13', 3, '12.04'),
(10871, 'BONAP', 9, '2015-02-05', '2015-03-05', '2015-02-10', 2, '112.27'),
(10872, 'GODOS', 5, '2015-02-05', '2015-03-05', '2015-02-09', 2, '175.32'),
(10873, 'WILMK', 4, '2015-02-06', '2015-03-06', '2015-02-09', 1, '0.82'),
(10874, 'GODOS', 5, '2015-02-06', '2015-03-06', '2015-02-11', 2, '19.58'),
(10875, 'BERGS', 4, '2015-02-06', '2015-03-06', '2015-03-03', 2, '32.37'),
(10876, 'BONAP', 7, '2015-02-09', '2015-03-09', '2015-02-12', 3, '60.42'),
(10877, 'RICAR', 1, '2015-02-09', '2015-03-09', '2015-02-19', 1, '38.06'),
(10878, 'QUICK', 4, '2015-02-10', '2015-03-10', '2015-02-12', 1, '46.69'),
(10879, 'WILMK', 3, '2015-02-10', '2015-03-10', '2015-02-12', 3, '8.50'),
(10880, 'FOLKO', 7, '2015-02-10', '2015-03-24', '2015-02-18', 1, '88.01'),
(10881, 'CACTU', 4, '2015-02-11', '2015-03-11', '2015-02-18', 1, '2.84'),
(10882, 'SAVEA', 4, '2015-02-11', '2015-03-11', '2015-02-20', 3, '23.10'),
(10883, 'LONEP', 8, '2015-02-12', '2015-03-12', '2015-02-20', 3, '0.53'),
(10884, 'LETSS', 4, '2015-02-12', '2015-03-12', '2015-02-13', 2, '90.97'),
(10885, 'SUPRD', 6, '2015-02-12', '2015-03-12', '2015-02-18', 3, '5.64'),
(10886, 'HANAR', 1, '2015-02-13', '2015-03-13', '2015-03-02', 1, '4.99'),
(10887, 'GALED', 8, '2015-02-13', '2015-03-13', '2015-02-16', 3, '1.25'),
(10888, 'GODOS', 1, '2015-02-16', '2015-03-16', '2015-02-23', 2, '51.87'),
(10889, 'RATTC', 9, '2015-02-16', '2015-03-16', '2015-02-23', 3, '280.61'),
(10890, 'DUMON', 7, '2015-02-16', '2015-03-16', '2015-02-18', 1, '32.76'),
(10891, 'LEHMS', 7, '2015-02-17', '2015-03-17', '2015-02-19', 2, '20.37'),
(10892, 'MAISD', 4, '2015-02-17', '2015-03-17', '2015-02-19', 2, '120.27'),
(10893, 'KOENE', 9, '2015-02-18', '2015-03-18', '2015-02-20', 2, '77.78'),
(10894, 'SAVEA', 1, '2015-02-18', '2015-03-18', '2015-02-20', 1, '116.13'),
(10895, 'ERNSH', 3, '2015-02-18', '2015-03-18', '2015-02-23', 1, '162.75'),
(10896, 'MAISD', 7, '2015-02-19', '2015-03-19', '2015-02-27', 3, '32.45'),
(10897, 'HUNGO', 3, '2015-02-19', '2015-03-19', '2015-02-25', 2, '603.54'),
(10898, 'OCEAN', 4, '2015-02-20', '2015-03-20', '2015-03-06', 2, '1.27'),
(10899, 'LILAS', 5, '2015-02-20', '2015-03-20', '2015-02-26', 3, '1.21'),
(10900, 'WELLI', 1, '2015-02-20', '2015-03-20', '2015-03-04', 2, '1.66'),
(10901, 'HILAA', 4, '2015-02-23', '2015-03-23', '2015-02-26', 1, '62.09'),
(10902, 'FOLKO', 1, '2015-02-23', '2015-03-23', '2015-03-03', 1, '44.15'),
(10903, 'HANAR', 3, '2015-02-24', '2015-03-24', '2015-03-04', 3, '36.71'),
(10904, 'WHITC', 3, '2015-02-24', '2015-03-24', '2015-02-27', 3, '162.95'),
(10905, 'WELLI', 9, '2015-02-24', '2015-03-24', '2015-03-06', 2, '13.72'),
(10906, 'WOLZA', 4, '2015-02-25', '2015-03-11', '2015-03-03', 3, '26.29'),
(10907, 'SPECD', 6, '2015-02-25', '2015-03-25', '2015-02-27', 3, '9.19'),
(10908, 'REGGC', 4, '2015-02-26', '2015-03-26', '2015-03-06', 2, '32.96'),
(10909, 'SANTG', 1, '2015-02-26', '2015-03-26', '2015-03-10', 2, '53.05'),
(10910, 'WILMK', 1, '2015-02-26', '2015-03-26', '2015-03-04', 3, '38.11'),
(10911, 'GODOS', 3, '2015-02-26', '2015-03-26', '2015-03-05', 1, '38.19'),
(10912, 'HUNGO', 2, '2015-02-26', '2015-03-26', '2015-03-18', 2, '580.91'),
(10913, 'QUEEN', 4, '2015-02-26', '2015-03-26', '2015-03-04', 1, '33.05'),
(10914, 'QUEEN', 6, '2015-02-27', '2015-03-27', '2015-03-02', 1, '21.19'),
(10915, 'TORTU', 2, '2015-02-27', '2015-03-27', '2015-03-02', 2, '3.51'),
(10916, 'RANCH', 1, '2015-02-27', '2015-03-27', '2015-03-09', 2, '63.77'),
(10917, 'ROMEY', 4, '2015-03-02', '2015-03-30', '2015-03-11', 2, '8.29'),
(10918, 'BOTTM', 3, '2015-03-02', '2015-03-30', '2015-03-11', 3, '48.83'),
(10919, 'LINOD', 2, '2015-03-02', '2015-03-30', '2015-03-04', 2, '19.80'),
(10920, 'AROUT', 4, '2015-03-03', '2015-03-31', '2015-03-09', 2, '29.61'),
(10921, 'VAFFE', 1, '2015-03-03', '2015-04-14', '2015-03-09', 1, '176.48'),
(10922, 'HANAR', 5, '2015-03-03', '2015-03-31', '2015-03-05', 3, '62.74'),
(10923, 'LAMAI', 7, '2015-03-03', '2015-04-14', '2015-03-13', 3, '68.26'),
(10924, 'BERGS', 3, '2015-03-04', '2015-04-01', '2015-04-08', 2, '151.52'),
(10925, 'HANAR', 3, '2015-03-04', '2015-04-01', '2015-03-13', 1, '2.27'),
(10926, 'ANATR', 4, '2015-03-04', '2015-04-01', '2015-03-11', 3, '39.92'),
(10927, 'LACOR', 4, '2015-03-05', '2015-04-02', '2015-04-08', 1, '19.79'),
(10928, 'GALED', 1, '2015-03-05', '2015-04-02', '2015-03-18', 1, '1.36'),
(10929, 'FRANK', 6, '2015-03-05', '2015-04-02', '2015-03-12', 1, '33.93');
INSERT INTO `orders` (`orderID`, `customerID`, `employeeID`, `orderDate`, `requiredDate`, `shippedDate`, `shipperID`, `freight`) VALUES
(10930, 'SUPRD', 4, '2015-03-06', '2015-04-17', '2015-03-18', 3, '15.55'),
(10931, 'RICSU', 4, '2015-03-06', '2015-03-20', '2015-03-19', 2, '13.60'),
(10932, 'BONAP', 8, '2015-03-06', '2015-04-03', '2015-03-24', 1, '134.64'),
(10933, 'ISLAT', 6, '2015-03-06', '2015-04-03', '2015-03-16', 3, '54.15'),
(10934, 'LEHMS', 3, '2015-03-09', '2015-04-06', '2015-03-12', 3, '32.01'),
(10935, 'WELLI', 4, '2015-03-09', '2015-04-06', '2015-03-18', 3, '47.59'),
(10936, 'GREAL', 3, '2015-03-09', '2015-04-06', '2015-03-18', 2, '33.68'),
(10937, 'CACTU', 7, '2015-03-10', '2015-03-24', '2015-03-13', 3, '31.51'),
(10938, 'QUICK', 3, '2015-03-10', '2015-04-07', '2015-03-16', 2, '31.89'),
(10939, 'MAGAA', 2, '2015-03-10', '2015-04-07', '2015-03-13', 2, '76.33'),
(10940, 'BONAP', 8, '2015-03-11', '2015-04-08', '2015-03-23', 3, '19.77'),
(10941, 'SAVEA', 7, '2015-03-11', '2015-04-08', '2015-03-20', 2, '400.81'),
(10942, 'REGGC', 9, '2015-03-11', '2015-04-08', '2015-03-18', 3, '17.95'),
(10943, 'BSBEV', 4, '2015-03-11', '2015-04-08', '2015-03-19', 2, '2.17'),
(10944, 'BOTTM', 6, '2015-03-12', '2015-03-26', '2015-03-13', 3, '52.92'),
(10945, 'MORGK', 4, '2015-03-12', '2015-04-09', '2015-03-18', 1, '10.22'),
(10946, 'VAFFE', 1, '2015-03-12', '2015-04-09', '2015-03-19', 2, '27.20'),
(10947, 'BSBEV', 3, '2015-03-13', '2015-04-10', '2015-03-16', 2, '3.26'),
(10948, 'GODOS', 3, '2015-03-13', '2015-04-10', '2015-03-19', 3, '23.39'),
(10949, 'BOTTM', 2, '2015-03-13', '2015-04-10', '2015-03-17', 3, '74.44'),
(10950, 'MAGAA', 1, '2015-03-16', '2015-04-13', '2015-03-23', 2, '2.50'),
(10951, 'RICSU', 9, '2015-03-16', '2015-04-27', '2015-04-07', 2, '30.85'),
(10952, 'ALFKI', 1, '2015-03-16', '2015-04-27', '2015-03-24', 1, '40.42'),
(10953, 'AROUT', 9, '2015-03-16', '2015-03-30', '2015-03-25', 2, '23.72'),
(10954, 'LINOD', 5, '2015-03-17', '2015-04-28', '2015-03-20', 1, '27.91'),
(10955, 'FOLKO', 8, '2015-03-17', '2015-04-14', '2015-03-20', 2, '3.26'),
(10956, 'BLAUS', 6, '2015-03-17', '2015-04-28', '2015-03-20', 2, '44.65'),
(10957, 'HILAA', 8, '2015-03-18', '2015-04-15', '2015-03-27', 3, '105.36'),
(10958, 'OCEAN', 7, '2015-03-18', '2015-04-15', '2015-03-27', 2, '49.56'),
(10959, 'GOURL', 6, '2015-03-18', '2015-04-29', '2015-03-23', 2, '4.98'),
(10960, 'HILAA', 3, '2015-03-19', '2015-04-02', '2015-04-08', 1, '2.08'),
(10961, 'QUEEN', 8, '2015-03-19', '2015-04-16', '2015-03-30', 1, '104.47'),
(10962, 'QUICK', 8, '2015-03-19', '2015-04-16', '2015-03-23', 2, '275.79'),
(10963, 'FURIB', 9, '2015-03-19', '2015-04-16', '2015-03-26', 3, '2.70'),
(10964, 'SPECD', 3, '2015-03-20', '2015-04-17', '2015-03-24', 2, '87.38'),
(10965, 'OLDWO', 6, '2015-03-20', '2015-04-17', '2015-03-30', 3, '144.38'),
(10966, 'CHOPS', 4, '2015-03-20', '2015-04-17', '2015-04-08', 1, '27.19'),
(10967, 'TOMSP', 2, '2015-03-23', '2015-04-20', '2015-04-02', 2, '62.22'),
(10968, 'ERNSH', 1, '2015-03-23', '2015-04-20', '2015-04-01', 3, '74.60'),
(10969, 'COMMI', 1, '2015-03-23', '2015-04-20', '2015-03-30', 2, '0.21'),
(10970, 'BOLID', 9, '2015-03-24', '2015-04-07', '2015-04-24', 1, '16.16'),
(10971, 'FRANR', 2, '2015-03-24', '2015-04-21', '2015-04-02', 2, '121.82'),
(10972, 'LACOR', 4, '2015-03-24', '2015-04-21', '2015-03-26', 2, '0.02'),
(10973, 'LACOR', 6, '2015-03-24', '2015-04-21', '2015-03-27', 2, '15.17'),
(10974, 'SPLIR', 3, '2015-03-25', '2015-04-08', '2015-04-03', 3, '12.96'),
(10975, 'BOTTM', 1, '2015-03-25', '2015-04-22', '2015-03-27', 3, '32.27'),
(10976, 'HILAA', 1, '2015-03-25', '2015-05-06', '2015-04-03', 1, '37.97'),
(10977, 'FOLKO', 8, '2015-03-26', '2015-04-23', '2015-04-10', 3, '208.50'),
(10978, 'MAISD', 9, '2015-03-26', '2015-04-23', '2015-04-23', 2, '32.82'),
(10979, 'ERNSH', 8, '2015-03-26', '2015-04-23', '2015-03-31', 2, '353.07'),
(10980, 'FOLKO', 4, '2015-03-27', '2015-05-08', '2015-04-17', 1, '1.26'),
(10981, 'HANAR', 1, '2015-03-27', '2015-04-24', '2015-04-02', 2, '193.37'),
(10982, 'BOTTM', 2, '2015-03-27', '2015-04-24', '2015-04-08', 1, '14.01'),
(10983, 'SAVEA', 2, '2015-03-27', '2015-04-24', '2015-04-06', 2, '657.54'),
(10984, 'SAVEA', 1, '2015-03-30', '2015-04-27', '2015-04-03', 3, '211.22'),
(10985, 'HUNGO', 2, '2015-03-30', '2015-04-27', '2015-04-02', 1, '91.51'),
(10986, 'OCEAN', 8, '2015-03-30', '2015-04-27', '2015-04-21', 2, '217.86'),
(10987, 'EASTC', 8, '2015-03-31', '2015-04-28', '2015-04-06', 1, '185.48'),
(10988, 'RATTC', 3, '2015-03-31', '2015-04-28', '2015-04-10', 2, '61.14'),
(10989, 'QUEDE', 2, '2015-03-31', '2015-04-28', '2015-04-02', 1, '34.76'),
(10990, 'ERNSH', 2, '2015-04-01', '2015-05-13', '2015-04-07', 3, '117.61'),
(10991, 'QUICK', 1, '2015-04-01', '2015-04-29', '2015-04-07', 1, '38.51'),
(10992, 'THEBI', 1, '2015-04-01', '2015-04-29', '2015-04-03', 3, '4.27'),
(10993, 'FOLKO', 7, '2015-04-01', '2015-04-29', '2015-04-10', 3, '8.81'),
(10994, 'VAFFE', 2, '2015-04-02', '2015-04-16', '2015-04-09', 3, '65.53'),
(10995, 'PERIC', 1, '2015-04-02', '2015-04-30', '2015-04-06', 3, '46.00'),
(10996, 'QUICK', 4, '2015-04-02', '2015-04-30', '2015-04-10', 2, '1.12'),
(10997, 'LILAS', 8, '2015-04-03', '2015-05-15', '2015-04-13', 2, '73.91'),
(10998, 'WOLZA', 8, '2015-04-03', '2015-04-17', '2015-04-17', 2, '20.31'),
(10999, 'OTTIK', 6, '2015-04-03', '2015-05-01', '2015-04-10', 2, '96.35'),
(11000, 'RATTC', 2, '2015-04-06', '2015-05-04', '2015-04-14', 3, '55.12'),
(11001, 'FOLKO', 2, '2015-04-06', '2015-05-04', '2015-04-14', 2, '197.30'),
(11002, 'SAVEA', 4, '2015-04-06', '2015-05-04', '2015-04-16', 1, '141.16'),
(11003, 'THECR', 3, '2015-04-06', '2015-05-04', '2015-04-08', 3, '14.91'),
(11004, 'MAISD', 3, '2015-04-07', '2015-05-05', '2015-04-20', 1, '44.84'),
(11005, 'WILMK', 2, '2015-04-07', '2015-05-05', '2015-04-10', 1, '0.75'),
(11006, 'GREAL', 3, '2015-04-07', '2015-05-05', '2015-04-15', 2, '25.19'),
(11007, 'PRINI', 8, '2015-04-08', '2015-05-06', '2015-04-13', 2, '202.24'),
(11008, 'ERNSH', 7, '2015-04-08', '2015-05-06', '2015-04-30', 3, '79.46'),
(11009, 'GODOS', 2, '2015-04-08', '2015-05-06', '2015-04-10', 1, '59.11'),
(11010, 'REGGC', 2, '2015-04-09', '2015-05-07', '2015-04-21', 2, '28.71'),
(11011, 'ALFKI', 3, '2015-04-09', '2015-05-07', '2015-04-13', 1, '1.21'),
(11012, 'FRANK', 1, '2015-04-09', '2015-04-23', '2015-04-17', 3, '242.95'),
(11013, 'ROMEY', 2, '2015-04-09', '2015-05-07', '2015-04-10', 1, '32.99'),
(11014, 'LINOD', 2, '2015-04-10', '2015-05-08', '2015-04-15', 3, '23.60'),
(11015, 'SANTG', 2, '2015-04-10', '2015-04-24', '2015-04-20', 2, '4.62'),
(11016, 'AROUT', 9, '2015-04-10', '2015-05-08', '2015-04-13', 2, '33.80'),
(11017, 'ERNSH', 9, '2015-04-13', '2015-05-11', '2015-04-20', 2, '754.26'),
(11018, 'LONEP', 4, '2015-04-13', '2015-05-11', '2015-04-16', 2, '11.65'),
(11019, 'RANCH', 6, '2015-04-13', '2015-05-11', '2015-04-30', 3, '3.17'),
(11020, 'OTTIK', 2, '2015-04-14', '2015-05-12', '2015-04-16', 2, '43.30'),
(11021, 'QUICK', 3, '2015-04-14', '2015-05-12', '2015-04-21', 1, '297.18'),
(11022, 'HANAR', 9, '2015-04-14', '2015-05-12', '2015-05-04', 2, '6.27'),
(11023, 'BSBEV', 1, '2015-04-14', '2015-04-28', '2015-04-24', 2, '123.83'),
(11024, 'EASTC', 4, '2015-04-15', '2015-05-13', '2015-04-20', 1, '74.36'),
(11025, 'WARTH', 6, '2015-04-15', '2015-05-13', '2015-04-24', 3, '29.17'),
(11026, 'FRANS', 4, '2015-04-15', '2015-05-13', '2015-04-28', 1, '47.09'),
(11027, 'BOTTM', 1, '2015-04-16', '2015-05-14', '2015-04-20', 1, '52.52'),
(11028, 'KOENE', 2, '2015-04-16', '2015-05-14', '2015-04-22', 1, '29.59'),
(11029, 'CHOPS', 4, '2015-04-16', '2015-05-14', '2015-04-27', 1, '47.84'),
(11030, 'SAVEA', 7, '2015-04-17', '2015-05-15', '2015-04-27', 2, '830.75'),
(11031, 'SAVEA', 6, '2015-04-17', '2015-05-15', '2015-04-24', 2, '227.22'),
(11032, 'WHITC', 2, '2015-04-17', '2015-05-15', '2015-04-23', 3, '606.19'),
(11033, 'RICSU', 7, '2015-04-17', '2015-05-15', '2015-04-23', 3, '84.74'),
(11034, 'OLDWO', 8, '2015-04-20', '2015-06-01', '2015-04-27', 1, '40.32'),
(11035, 'SUPRD', 2, '2015-04-20', '2015-05-18', '2015-04-24', 2, '0.17'),
(11036, 'DRACD', 8, '2015-04-20', '2015-05-18', '2015-04-22', 3, '149.47'),
(11037, 'GODOS', 7, '2015-04-21', '2015-05-19', '2015-04-27', 1, '3.20'),
(11038, 'SUPRD', 1, '2015-04-21', '2015-05-19', '2015-04-30', 2, '29.59'),
(11039, 'LINOD', 1, '2015-04-21', '2015-05-19', '2015-04-30', 2, '65.00'),
(11040, 'GREAL', 4, '2015-04-22', '2015-05-20', '2015-04-30', 3, '18.84'),
(11041, 'CHOPS', 3, '2015-04-22', '2015-05-20', '2015-04-28', 2, '48.22'),
(11042, 'COMMI', 2, '2015-04-22', '2015-05-06', '2015-05-01', 1, '29.99'),
(11043, 'SPECD', 5, '2015-04-22', '2015-05-20', '2015-04-29', 2, '8.80'),
(11044, 'WOLZA', 4, '2015-04-23', '2015-05-21', '2015-05-01', 1, '8.72'),
(11045, 'BOTTM', 6, '2015-04-23', '2015-05-21', '2015-04-30', 2, '70.58'),
(11046, 'WANDK', 8, '2015-04-23', '2015-05-21', '2015-04-24', 2, '71.64'),
(11047, 'EASTC', 7, '2015-04-24', '2015-05-22', '2015-05-01', 3, '46.62'),
(11048, 'BOTTM', 7, '2015-04-24', '2015-05-22', '2015-04-30', 3, '24.12'),
(11049, 'GOURL', 3, '2015-04-24', '2015-05-22', '2015-05-04', 1, '8.34'),
(11050, 'FOLKO', 8, '2015-04-27', '2015-05-25', '2015-05-05', 2, '59.41'),
(11051, 'LAMAI', 7, '2015-04-27', '2015-05-25', '2015-04-30', 3, '2.79'),
(11052, 'HANAR', 3, '2015-04-27', '2015-05-25', '2015-05-01', 1, '67.26'),
(11053, 'PICCO', 2, '2015-04-27', '2015-05-25', '2015-04-29', 2, '53.05'),
(11054, 'CACTU', 8, '2015-04-28', '2015-05-26', '2015-04-30', 1, '0.33'),
(11055, 'HILAA', 7, '2015-04-28', '2015-05-26', '2015-05-05', 2, '120.92'),
(11056, 'EASTC', 8, '2015-04-28', '2015-05-12', '2015-05-01', 2, '278.96'),
(11057, 'NORTS', 3, '2015-04-29', '2015-05-27', '2015-05-01', 3, '4.13'),
(11058, 'BLAUS', 9, '2015-04-29', '2015-05-27', '2015-04-30', 3, '31.14'),
(11059, 'RICAR', 2, '2015-04-29', '2015-06-10', '2015-04-30', 2, '85.80'),
(11060, 'FRANS', 2, '2015-04-30', '2015-05-28', '2015-05-04', 2, '10.98'),
(11061, 'GREAL', 4, '2015-04-30', '2015-06-11', '2015-04-30', 3, '14.01'),
(11062, 'REGGC', 4, '2015-04-30', '2015-05-28', '2015-04-30', 2, '29.93'),
(11063, 'HUNGO', 3, '2015-04-30', '2015-05-28', '2015-05-06', 2, '81.73'),
(11064, 'SAVEA', 1, '2015-05-01', '2015-05-29', '2015-05-04', 1, '30.09'),
(11065, 'LILAS', 8, '2015-05-01', '2015-05-29', '2015-04-30', 1, '12.91'),
(11066, 'WHITC', 7, '2015-05-01', '2015-05-29', '2015-05-04', 2, '44.72'),
(11067, 'DRACD', 1, '2015-05-04', '2015-05-18', '2015-05-06', 2, '7.98'),
(11068, 'QUEEN', 8, '2015-05-04', '2015-06-01', '2015-04-30', 2, '81.75'),
(11069, 'TORTU', 1, '2015-05-04', '2015-06-01', '2015-05-06', 2, '15.67'),
(11070, 'LEHMS', 2, '2015-05-05', '2015-06-02', '2015-04-30', 1, '136.00'),
(11071, 'LILAS', 1, '2015-05-05', '2015-06-02', '2015-04-30', 1, '0.93'),
(11072, 'ERNSH', 4, '2015-05-05', '2015-06-02', '2015-04-30', 2, '258.64'),
(11073, 'PERIC', 2, '2015-05-05', '2015-06-02', '2015-04-30', 2, '24.95'),
(11074, 'SIMOB', 7, '2015-05-06', '2015-06-03', '2015-04-30', 2, '18.44'),
(11075, 'RICSU', 8, '2015-05-06', '2015-06-03', '2015-04-30', 2, '6.19'),
(11076, 'BONAP', 4, '2015-05-06', '2015-06-03', '2015-04-30', 2, '38.28'),
(11077, 'RATTC', 1, '2015-05-06', '2015-06-03', '2015-04-30', 2, '8.53');

-- --------------------------------------------------------

--
-- Table structure for table `order_details`
--

CREATE TABLE `order_details` (
  `orderID` int NOT NULL,
  `productID` int NOT NULL,
  `unitPrice` decimal(10,2) DEFAULT NULL,
  `quantity` int DEFAULT NULL,
  `discount` decimal(4,2) DEFAULT NULL
) ENGINE=InnoDB DEFAULT CHARSET=utf8mb4 COLLATE=utf8mb4_0900_ai_ci;

--
-- Dumping data for table `order_details`
--

INSERT INTO `order_details` (`orderID`, `productID`, `unitPrice`, `quantity`, `discount`) VALUES
(10248, 11, '14.00', 12, '0.00'),
(10248, 42, '9.80', 10, '0.00'),
(10248, 72, '34.80', 5, '0.00'),
(10249, 14, '18.60', 9, '0.00'),
(10249, 51, '42.40', 40, '0.00'),
(10250, 41, '7.70', 10, '0.00'),
(10250, 51, '42.40', 35, '0.15'),
(10250, 65, '16.80', 15, '0.15'),
(10251, 22, '16.80', 6, '0.05'),
(10251, 57, '15.60', 15, '0.05'),
(10251, 65, '16.80', 20, '0.00'),
(10252, 20, '64.80', 40, '0.05'),
(10252, 33, '2.00', 25, '0.05'),
(10252, 60, '27.20', 40, '0.00'),
(10253, 31, '10.00', 20, '0.00'),
(10253, 39, '14.40', 42, '0.00'),
(10253, 49, '16.00', 40, '0.00'),
(10254, 24, '3.60', 15, '0.15'),
(10254, 55, '19.20', 21, '0.15'),
(10254, 74, '8.00', 21, '0.00'),
(10255, 2, '15.20', 20, '0.00'),
(10255, 16, '13.90', 35, '0.00'),
(10255, 36, '15.20', 25, '0.00'),
(10255, 59, '44.00', 30, '0.00'),
(10256, 53, '26.20', 15, '0.00'),
(10256, 77, '10.40', 12, '0.00'),
(10257, 27, '35.10', 25, '0.00'),
(10257, 39, '14.40', 6, '0.00'),
(10257, 77, '10.40', 15, '0.00'),
(10258, 2, '15.20', 50, '0.20'),
(10258, 5, '17.00', 65, '0.20'),
(10258, 32, '25.60', 6, '0.20'),
(10259, 21, '8.00', 10, '0.00'),
(10259, 37, '20.80', 1, '0.00'),
(10260, 41, '7.70', 16, '0.25'),
(10260, 57, '15.60', 50, '0.00'),
(10260, 62, '39.40', 15, '0.25'),
(10260, 70, '12.00', 21, '0.25'),
(10261, 21, '8.00', 20, '0.00'),
(10261, 35, '14.40', 20, '0.00'),
(10262, 5, '17.00', 12, '0.20'),
(10262, 7, '24.00', 15, '0.00'),
(10262, 56, '30.40', 2, '0.00'),
(10263, 16, '13.90', 60, '0.25'),
(10263, 24, '3.60', 28, '0.00'),
(10263, 30, '20.70', 60, '0.25'),
(10263, 74, '8.00', 36, '0.25'),
(10264, 2, '15.20', 35, '0.00'),
(10264, 41, '7.70', 25, '0.15'),
(10265, 17, '31.20', 30, '0.00'),
(10265, 70, '12.00', 20, '0.00'),
(10266, 12, '30.40', 12, '0.05'),
(10267, 40, '14.70', 50, '0.00'),
(10267, 59, '44.00', 70, '0.15'),
(10267, 76, '14.40', 15, '0.15'),
(10268, 29, '99.00', 10, '0.00'),
(10268, 72, '27.80', 4, '0.00'),
(10269, 33, '2.00', 60, '0.05'),
(10269, 72, '27.80', 20, '0.05'),
(10270, 36, '15.20', 30, '0.00'),
(10270, 43, '36.80', 25, '0.00'),
(10271, 33, '2.00', 24, '0.00'),
(10272, 20, '64.80', 6, '0.00'),
(10272, 31, '10.00', 40, '0.00'),
(10272, 72, '27.80', 24, '0.00'),
(10273, 10, '24.80', 24, '0.05'),
(10273, 31, '10.00', 15, '0.05'),
(10273, 33, '2.00', 20, '0.00'),
(10273, 40, '14.70', 60, '0.05'),
(10273, 76, '14.40', 33, '0.05'),
(10274, 71, '17.20', 20, '0.00'),
(10274, 72, '27.80', 7, '0.00'),
(10275, 24, '3.60', 12, '0.05'),
(10275, 59, '44.00', 6, '0.05'),
(10276, 10, '24.80', 15, '0.00'),
(10276, 13, '4.80', 10, '0.00'),
(10277, 28, '36.40', 20, '0.00'),
(10277, 62, '39.40', 12, '0.00'),
(10278, 44, '15.50', 16, '0.00'),
(10278, 59, '44.00', 15, '0.00'),
(10278, 63, '35.10', 8, '0.00'),
(10278, 73, '12.00', 25, '0.00'),
(10279, 17, '31.20', 15, '0.25'),
(10280, 24, '3.60', 12, '0.00'),
(10280, 55, '19.20', 20, '0.00'),
(10280, 75, '6.20', 30, '0.00'),
(10281, 19, '7.30', 1, '0.00'),
(10281, 24, '3.60', 6, '0.00'),
(10281, 35, '14.40', 4, '0.00'),
(10282, 30, '20.70', 6, '0.00'),
(10282, 57, '15.60', 2, '0.00'),
(10283, 15, '12.40', 20, '0.00'),
(10283, 19, '7.30', 18, '0.00'),
(10283, 60, '27.20', 35, '0.00'),
(10283, 72, '27.80', 3, '0.00'),
(10284, 27, '35.10', 15, '0.25'),
(10284, 44, '15.50', 21, '0.00'),
(10284, 60, '27.20', 20, '0.25'),
(10284, 67, '11.20', 5, '0.25'),
(10285, 1, '14.40', 45, '0.20'),
(10285, 40, '14.70', 40, '0.20'),
(10285, 53, '26.20', 36, '0.20'),
(10286, 35, '14.40', 100, '0.00'),
(10286, 62, '39.40', 40, '0.00'),
(10287, 16, '13.90', 40, '0.15'),
(10287, 34, '11.20', 20, '0.00'),
(10287, 46, '9.60', 15, '0.15'),
(10288, 54, '5.90', 10, '0.10'),
(10288, 68, '10.00', 3, '0.10'),
(10289, 3, '8.00', 30, '0.00'),
(10289, 64, '26.60', 9, '0.00'),
(10290, 5, '17.00', 20, '0.00'),
(10290, 29, '99.00', 15, '0.00'),
(10290, 49, '16.00', 15, '0.00'),
(10290, 77, '10.40', 10, '0.00'),
(10291, 13, '4.80', 20, '0.10'),
(10291, 44, '15.50', 24, '0.10'),
(10291, 51, '42.40', 2, '0.10'),
(10292, 20, '64.80', 20, '0.00'),
(10293, 18, '50.00', 12, '0.00'),
(10293, 24, '3.60', 10, '0.00'),
(10293, 63, '35.10', 5, '0.00'),
(10293, 75, '6.20', 6, '0.00'),
(10294, 1, '14.40', 18, '0.00'),
(10294, 17, '31.20', 15, '0.00'),
(10294, 43, '36.80', 15, '0.00'),
(10294, 60, '27.20', 21, '0.00'),
(10294, 75, '6.20', 6, '0.00'),
(10295, 56, '30.40', 4, '0.00'),
(10296, 11, '16.80', 12, '0.00'),
(10296, 16, '13.90', 30, '0.00'),
(10296, 69, '28.80', 15, '0.00'),
(10297, 39, '14.40', 60, '0.00'),
(10297, 72, '27.80', 20, '0.00'),
(10298, 2, '15.20', 40, '0.00'),
(10298, 36, '15.20', 40, '0.25'),
(10298, 59, '44.00', 30, '0.25'),
(10298, 62, '39.40', 15, '0.00'),
(10299, 19, '7.30', 15, '0.00'),
(10299, 70, '12.00', 20, '0.00'),
(10300, 66, '13.60', 30, '0.00'),
(10300, 68, '10.00', 20, '0.00'),
(10301, 40, '14.70', 10, '0.00'),
(10301, 56, '30.40', 20, '0.00'),
(10302, 17, '31.20', 40, '0.00'),
(10302, 28, '36.40', 28, '0.00'),
(10302, 43, '36.80', 12, '0.00'),
(10303, 40, '14.70', 40, '0.10'),
(10303, 65, '16.80', 30, '0.10'),
(10303, 68, '10.00', 15, '0.10'),
(10304, 49, '16.00', 30, '0.00'),
(10304, 59, '44.00', 10, '0.00'),
(10304, 71, '17.20', 2, '0.00'),
(10305, 18, '50.00', 25, '0.10'),
(10305, 29, '99.00', 25, '0.10'),
(10305, 39, '14.40', 30, '0.10'),
(10306, 30, '20.70', 10, '0.00'),
(10306, 53, '26.20', 10, '0.00'),
(10306, 54, '5.90', 5, '0.00'),
(10307, 62, '39.40', 10, '0.00'),
(10307, 68, '10.00', 3, '0.00'),
(10308, 69, '28.80', 1, '0.00'),
(10308, 70, '12.00', 5, '0.00'),
(10309, 4, '17.60', 20, '0.00'),
(10309, 6, '20.00', 30, '0.00'),
(10309, 42, '11.20', 2, '0.00'),
(10309, 43, '36.80', 20, '0.00'),
(10309, 71, '17.20', 3, '0.00'),
(10310, 16, '13.90', 10, '0.00'),
(10310, 62, '39.40', 5, '0.00'),
(10311, 42, '11.20', 6, '0.00'),
(10311, 69, '28.80', 7, '0.00'),
(10312, 28, '36.40', 4, '0.00'),
(10312, 43, '36.80', 24, '0.00'),
(10312, 53, '26.20', 20, '0.00'),
(10312, 75, '6.20', 10, '0.00'),
(10313, 36, '15.20', 12, '0.00'),
(10314, 32, '25.60', 40, '0.10'),
(10314, 58, '10.60', 30, '0.10'),
(10314, 62, '39.40', 25, '0.10'),
(10315, 34, '11.20', 14, '0.00'),
(10315, 70, '12.00', 30, '0.00'),
(10316, 41, '7.70', 10, '0.00'),
(10316, 62, '39.40', 70, '0.00'),
(10317, 1, '14.40', 20, '0.00'),
(10318, 41, '7.70', 20, '0.00'),
(10318, 76, '14.40', 6, '0.00'),
(10319, 17, '31.20', 8, '0.00'),
(10319, 28, '36.40', 14, '0.00'),
(10319, 76, '14.40', 30, '0.00'),
(10320, 71, '17.20', 30, '0.00'),
(10321, 35, '14.40', 10, '0.00'),
(10322, 52, '5.60', 20, '0.00'),
(10323, 15, '12.40', 5, '0.00'),
(10323, 25, '11.20', 4, '0.00'),
(10323, 39, '14.40', 4, '0.00'),
(10324, 16, '13.90', 21, '0.15'),
(10324, 35, '14.40', 70, '0.15'),
(10324, 46, '9.60', 30, '0.00'),
(10324, 59, '44.00', 40, '0.15'),
(10324, 63, '35.10', 80, '0.15'),
(10325, 6, '20.00', 6, '0.00'),
(10325, 13, '4.80', 12, '0.00'),
(10325, 14, '18.60', 9, '0.00'),
(10325, 31, '10.00', 4, '0.00'),
(10325, 72, '27.80', 40, '0.00'),
(10326, 4, '17.60', 24, '0.00'),
(10326, 57, '15.60', 16, '0.00'),
(10326, 75, '6.20', 50, '0.00'),
(10327, 2, '15.20', 25, '0.20'),
(10327, 11, '16.80', 50, '0.20'),
(10327, 30, '20.70', 35, '0.20'),
(10327, 58, '10.60', 30, '0.20'),
(10328, 59, '44.00', 9, '0.00'),
(10328, 65, '16.80', 40, '0.00'),
(10328, 68, '10.00', 10, '0.00'),
(10329, 19, '7.30', 10, '0.05'),
(10329, 30, '20.70', 8, '0.05'),
(10329, 38, '210.80', 20, '0.05'),
(10329, 56, '30.40', 12, '0.05'),
(10330, 26, '24.90', 50, '0.15'),
(10330, 72, '27.80', 25, '0.15'),
(10331, 54, '5.90', 15, '0.00'),
(10332, 18, '50.00', 40, '0.20'),
(10332, 42, '11.20', 10, '0.20'),
(10332, 47, '7.60', 16, '0.20'),
(10333, 14, '18.60', 10, '0.00'),
(10333, 21, '8.00', 10, '0.10'),
(10333, 71, '17.20', 40, '0.10'),
(10334, 52, '5.60', 8, '0.00'),
(10334, 68, '10.00', 10, '0.00'),
(10335, 2, '15.20', 7, '0.20'),
(10335, 31, '10.00', 25, '0.20'),
(10335, 32, '25.60', 6, '0.20'),
(10335, 51, '42.40', 48, '0.20'),
(10336, 4, '17.60', 18, '0.10'),
(10337, 23, '7.20', 40, '0.00'),
(10337, 26, '24.90', 24, '0.00'),
(10337, 36, '15.20', 20, '0.00'),
(10337, 37, '20.80', 28, '0.00'),
(10337, 72, '27.80', 25, '0.00'),
(10338, 17, '31.20', 20, '0.00'),
(10338, 30, '20.70', 15, '0.00'),
(10339, 4, '17.60', 10, '0.00'),
(10339, 17, '31.20', 70, '0.05'),
(10339, 62, '39.40', 28, '0.00'),
(10340, 18, '50.00', 20, '0.05'),
(10340, 41, '7.70', 12, '0.05'),
(10340, 43, '36.80', 40, '0.05'),
(10341, 33, '2.00', 8, '0.00'),
(10341, 59, '44.00', 9, '0.15'),
(10342, 2, '15.20', 24, '0.20'),
(10342, 31, '10.00', 56, '0.20'),
(10342, 36, '15.20', 40, '0.20'),
(10342, 55, '19.20', 40, '0.20'),
(10343, 64, '26.60', 50, '0.00'),
(10343, 68, '10.00', 4, '0.05'),
(10343, 76, '14.40', 15, '0.00'),
(10344, 4, '17.60', 35, '0.00'),
(10344, 8, '32.00', 70, '0.25'),
(10345, 8, '32.00', 70, '0.00'),
(10345, 19, '7.30', 80, '0.00'),
(10345, 42, '11.20', 9, '0.00'),
(10346, 17, '31.20', 36, '0.10'),
(10346, 56, '30.40', 20, '0.00'),
(10347, 25, '11.20', 10, '0.00'),
(10347, 39, '14.40', 50, '0.15'),
(10347, 40, '14.70', 4, '0.00'),
(10347, 75, '6.20', 6, '0.15'),
(10348, 1, '14.40', 15, '0.15'),
(10348, 23, '7.20', 25, '0.00'),
(10349, 54, '5.90', 24, '0.00'),
(10350, 50, '13.00', 15, '0.10'),
(10350, 69, '28.80', 18, '0.10'),
(10351, 38, '210.80', 20, '0.05'),
(10351, 41, '7.70', 13, '0.00'),
(10351, 44, '15.50', 77, '0.05'),
(10351, 65, '16.80', 10, '0.05'),
(10352, 24, '3.60', 10, '0.00'),
(10352, 54, '5.90', 20, '0.15'),
(10353, 11, '16.80', 12, '0.20'),
(10353, 38, '210.80', 50, '0.20'),
(10354, 1, '14.40', 12, '0.00'),
(10354, 29, '99.00', 4, '0.00'),
(10355, 24, '3.60', 25, '0.00'),
(10355, 57, '15.60', 25, '0.00'),
(10356, 31, '10.00', 30, '0.00'),
(10356, 55, '19.20', 12, '0.00'),
(10356, 69, '28.80', 20, '0.00'),
(10357, 10, '24.80', 30, '0.20'),
(10357, 26, '24.90', 16, '0.00'),
(10357, 60, '27.20', 8, '0.20'),
(10358, 24, '3.60', 10, '0.05'),
(10358, 34, '11.20', 10, '0.05'),
(10358, 36, '15.20', 20, '0.05'),
(10359, 16, '13.90', 56, '0.05'),
(10359, 31, '10.00', 70, '0.05'),
(10359, 60, '27.20', 80, '0.05'),
(10360, 28, '36.40', 30, '0.00'),
(10360, 29, '99.00', 35, '0.00'),
(10360, 38, '210.80', 10, '0.00'),
(10360, 49, '16.00', 35, '0.00'),
(10360, 54, '5.90', 28, '0.00'),
(10361, 39, '14.40', 54, '0.10'),
(10361, 60, '27.20', 55, '0.10'),
(10362, 25, '11.20', 50, '0.00'),
(10362, 51, '42.40', 20, '0.00'),
(10362, 54, '5.90', 24, '0.00'),
(10363, 31, '10.00', 20, '0.00'),
(10363, 75, '6.20', 12, '0.00'),
(10363, 76, '14.40', 12, '0.00'),
(10364, 69, '28.80', 30, '0.00'),
(10364, 71, '17.20', 5, '0.00'),
(10365, 11, '16.80', 24, '0.00'),
(10366, 65, '16.80', 5, '0.00'),
(10366, 77, '10.40', 5, '0.00'),
(10367, 34, '11.20', 36, '0.00'),
(10367, 54, '5.90', 18, '0.00'),
(10367, 65, '16.80', 15, '0.00'),
(10367, 77, '10.40', 7, '0.00'),
(10368, 21, '8.00', 5, '0.10'),
(10368, 28, '36.40', 13, '0.10'),
(10368, 57, '15.60', 25, '0.00'),
(10368, 64, '26.60', 35, '0.10'),
(10369, 29, '99.00', 20, '0.00'),
(10369, 56, '30.40', 18, '0.25'),
(10370, 1, '14.40', 15, '0.15'),
(10370, 64, '26.60', 30, '0.00'),
(10370, 74, '8.00', 20, '0.15'),
(10371, 36, '15.20', 6, '0.20'),
(10372, 20, '64.80', 12, '0.25'),
(10372, 38, '210.80', 40, '0.25'),
(10372, 60, '27.20', 70, '0.25'),
(10372, 72, '27.80', 42, '0.25'),
(10373, 58, '10.60', 80, '0.20'),
(10373, 71, '17.20', 50, '0.20'),
(10374, 31, '10.00', 30, '0.00'),
(10374, 58, '10.60', 15, '0.00'),
(10375, 14, '18.60', 15, '0.00'),
(10375, 54, '5.90', 10, '0.00'),
(10376, 31, '10.00', 42, '0.05'),
(10377, 28, '36.40', 20, '0.15'),
(10377, 39, '14.40', 20, '0.15'),
(10378, 71, '17.20', 6, '0.00'),
(10379, 41, '7.70', 8, '0.10'),
(10379, 63, '35.10', 16, '0.10'),
(10379, 65, '16.80', 20, '0.10'),
(10380, 30, '20.70', 18, '0.10'),
(10380, 53, '26.20', 20, '0.10'),
(10380, 60, '27.20', 6, '0.10'),
(10380, 70, '12.00', 30, '0.00'),
(10381, 74, '8.00', 14, '0.00'),
(10382, 5, '17.00', 32, '0.00'),
(10382, 18, '50.00', 9, '0.00'),
(10382, 29, '99.00', 14, '0.00'),
(10382, 33, '2.00', 60, '0.00'),
(10382, 74, '8.00', 50, '0.00'),
(10383, 13, '4.80', 20, '0.00'),
(10383, 50, '13.00', 15, '0.00'),
(10383, 56, '30.40', 20, '0.00'),
(10384, 20, '64.80', 28, '0.00'),
(10384, 60, '27.20', 15, '0.00'),
(10385, 7, '24.00', 10, '0.20'),
(10385, 60, '27.20', 20, '0.20'),
(10385, 68, '10.00', 8, '0.20'),
(10386, 24, '3.60', 15, '0.00'),
(10386, 34, '11.20', 10, '0.00'),
(10387, 24, '3.60', 15, '0.00'),
(10387, 28, '36.40', 6, '0.00'),
(10387, 59, '44.00', 12, '0.00'),
(10387, 71, '17.20', 15, '0.00'),
(10388, 45, '7.60', 15, '0.20'),
(10388, 52, '5.60', 20, '0.20'),
(10388, 53, '26.20', 40, '0.00'),
(10389, 10, '24.80', 16, '0.00'),
(10389, 55, '19.20', 15, '0.00'),
(10389, 62, '39.40', 20, '0.00'),
(10389, 70, '12.00', 30, '0.00'),
(10390, 31, '10.00', 60, '0.10'),
(10390, 35, '14.40', 40, '0.10'),
(10390, 46, '9.60', 45, '0.00'),
(10390, 72, '27.80', 24, '0.10'),
(10391, 13, '4.80', 18, '0.00'),
(10392, 69, '28.80', 50, '0.00'),
(10393, 2, '15.20', 25, '0.25'),
(10393, 14, '18.60', 42, '0.25'),
(10393, 25, '11.20', 7, '0.25'),
(10393, 26, '24.90', 70, '0.25'),
(10393, 31, '10.00', 32, '0.00'),
(10394, 13, '4.80', 10, '0.00'),
(10394, 62, '39.40', 10, '0.00'),
(10395, 46, '9.60', 28, '0.10'),
(10395, 53, '26.20', 70, '0.10'),
(10395, 69, '28.80', 8, '0.00'),
(10396, 23, '7.20', 40, '0.00'),
(10396, 71, '17.20', 60, '0.00'),
(10396, 72, '27.80', 21, '0.00'),
(10397, 21, '8.00', 10, '0.15'),
(10397, 51, '42.40', 18, '0.15'),
(10398, 35, '14.40', 30, '0.00'),
(10398, 55, '19.20', 120, '0.10'),
(10399, 68, '10.00', 60, '0.00'),
(10399, 71, '17.20', 30, '0.00'),
(10399, 76, '14.40', 35, '0.00'),
(10399, 77, '10.40', 14, '0.00'),
(10400, 29, '99.00', 21, '0.00'),
(10400, 35, '14.40', 35, '0.00'),
(10400, 49, '16.00', 30, '0.00'),
(10401, 30, '20.70', 18, '0.00'),
(10401, 56, '30.40', 70, '0.00'),
(10401, 65, '16.80', 20, '0.00'),
(10401, 71, '17.20', 60, '0.00'),
(10402, 23, '7.20', 60, '0.00'),
(10402, 63, '35.10', 65, '0.00'),
(10403, 16, '13.90', 21, '0.15'),
(10403, 48, '10.20', 70, '0.15'),
(10404, 26, '24.90', 30, '0.05'),
(10404, 42, '11.20', 40, '0.05'),
(10404, 49, '16.00', 30, '0.05'),
(10405, 3, '8.00', 50, '0.00'),
(10406, 1, '14.40', 10, '0.00'),
(10406, 21, '8.00', 30, '0.10'),
(10406, 28, '36.40', 42, '0.10'),
(10406, 36, '15.20', 5, '0.10'),
(10406, 40, '14.70', 2, '0.10'),
(10407, 11, '16.80', 30, '0.00'),
(10407, 69, '28.80', 15, '0.00'),
(10407, 71, '17.20', 15, '0.00'),
(10408, 37, '20.80', 10, '0.00'),
(10408, 54, '5.90', 6, '0.00'),
(10408, 62, '39.40', 35, '0.00'),
(10409, 14, '18.60', 12, '0.00'),
(10409, 21, '8.00', 12, '0.00'),
(10410, 33, '2.00', 49, '0.00'),
(10410, 59, '44.00', 16, '0.00'),
(10411, 41, '7.70', 25, '0.20'),
(10411, 44, '15.50', 40, '0.20'),
(10411, 59, '44.00', 9, '0.20'),
(10412, 14, '18.60', 20, '0.10'),
(10413, 1, '14.40', 24, '0.00'),
(10413, 62, '39.40', 40, '0.00'),
(10413, 76, '14.40', 14, '0.00'),
(10414, 19, '7.30', 18, '0.05'),
(10414, 33, '2.00', 50, '0.00'),
(10415, 17, '31.20', 2, '0.00'),
(10415, 33, '2.00', 20, '0.00'),
(10416, 19, '7.30', 20, '0.00'),
(10416, 53, '26.20', 10, '0.00'),
(10416, 57, '15.60', 20, '0.00'),
(10417, 38, '210.80', 50, '0.00'),
(10417, 46, '9.60', 2, '0.25'),
(10417, 68, '10.00', 36, '0.25'),
(10417, 77, '10.40', 35, '0.00'),
(10418, 2, '15.20', 60, '0.00'),
(10418, 47, '7.60', 55, '0.00'),
(10418, 61, '22.80', 16, '0.00'),
(10418, 74, '8.00', 15, '0.00'),
(10419, 60, '27.20', 60, '0.05'),
(10419, 69, '28.80', 20, '0.05'),
(10420, 9, '77.60', 20, '0.10'),
(10420, 13, '4.80', 2, '0.10'),
(10420, 70, '12.00', 8, '0.10'),
(10420, 73, '12.00', 20, '0.10'),
(10421, 19, '7.30', 4, '0.15'),
(10421, 26, '24.90', 30, '0.00'),
(10421, 53, '26.20', 15, '0.15'),
(10421, 77, '10.40', 10, '0.15'),
(10422, 26, '24.90', 2, '0.00'),
(10423, 31, '10.00', 14, '0.00'),
(10423, 59, '44.00', 20, '0.00'),
(10424, 35, '14.40', 60, '0.20'),
(10424, 38, '210.80', 49, '0.20'),
(10424, 68, '10.00', 30, '0.20'),
(10425, 55, '19.20', 10, '0.25'),
(10425, 76, '14.40', 20, '0.25'),
(10426, 56, '30.40', 5, '0.00'),
(10426, 64, '26.60', 7, '0.00'),
(10427, 14, '18.60', 35, '0.00'),
(10428, 46, '9.60', 20, '0.00'),
(10429, 50, '13.00', 40, '0.00'),
(10429, 63, '35.10', 35, '0.25'),
(10430, 17, '31.20', 45, '0.20'),
(10430, 21, '8.00', 50, '0.00'),
(10430, 56, '30.40', 30, '0.00'),
(10430, 59, '44.00', 70, '0.20'),
(10431, 17, '31.20', 50, '0.25'),
(10431, 40, '14.70', 50, '0.25'),
(10431, 47, '7.60', 30, '0.25'),
(10432, 26, '24.90', 10, '0.00'),
(10432, 54, '5.90', 40, '0.00'),
(10433, 56, '30.40', 28, '0.00'),
(10434, 11, '16.80', 6, '0.00'),
(10434, 76, '14.40', 18, '0.15'),
(10435, 2, '15.20', 10, '0.00'),
(10435, 22, '16.80', 12, '0.00'),
(10435, 72, '27.80', 10, '0.00'),
(10436, 46, '9.60', 5, '0.00'),
(10436, 56, '30.40', 40, '0.10'),
(10436, 64, '26.60', 30, '0.10'),
(10436, 75, '6.20', 24, '0.10'),
(10437, 53, '26.20', 15, '0.00'),
(10438, 19, '7.30', 15, '0.20'),
(10438, 34, '11.20', 20, '0.20'),
(10438, 57, '15.60', 15, '0.20'),
(10439, 12, '30.40', 15, '0.00'),
(10439, 16, '13.90', 16, '0.00'),
(10439, 64, '26.60', 6, '0.00'),
(10439, 74, '8.00', 30, '0.00'),
(10440, 2, '15.20', 45, '0.15'),
(10440, 16, '13.90', 49, '0.15'),
(10440, 29, '99.00', 24, '0.15'),
(10440, 61, '22.80', 90, '0.15'),
(10441, 27, '35.10', 50, '0.00'),
(10442, 11, '16.80', 30, '0.00'),
(10442, 54, '5.90', 80, '0.00'),
(10442, 66, '13.60', 60, '0.00'),
(10443, 11, '16.80', 6, '0.20'),
(10443, 28, '36.40', 12, '0.00'),
(10444, 17, '31.20', 10, '0.00'),
(10444, 26, '24.90', 15, '0.00'),
(10444, 35, '14.40', 8, '0.00'),
(10444, 41, '7.70', 30, '0.00'),
(10445, 39, '14.40', 6, '0.00'),
(10445, 54, '5.90', 15, '0.00'),
(10446, 19, '7.30', 12, '0.10'),
(10446, 24, '3.60', 20, '0.10'),
(10446, 31, '10.00', 3, '0.10'),
(10446, 52, '5.60', 15, '0.10'),
(10447, 19, '7.30', 40, '0.00'),
(10447, 65, '16.80', 35, '0.00'),
(10447, 71, '17.20', 2, '0.00'),
(10448, 26, '24.90', 6, '0.00'),
(10448, 40, '14.70', 20, '0.00'),
(10449, 10, '24.80', 14, '0.00'),
(10449, 52, '5.60', 20, '0.00'),
(10449, 62, '39.40', 35, '0.00'),
(10450, 10, '24.80', 20, '0.20'),
(10450, 54, '5.90', 6, '0.20'),
(10451, 55, '19.20', 120, '0.10'),
(10451, 64, '26.60', 35, '0.10'),
(10451, 65, '16.80', 28, '0.10'),
(10451, 77, '10.40', 55, '0.10'),
(10452, 28, '36.40', 15, '0.00'),
(10452, 44, '15.50', 100, '0.05'),
(10453, 48, '10.20', 15, '0.10'),
(10453, 70, '12.00', 25, '0.10'),
(10454, 16, '13.90', 20, '0.20'),
(10454, 33, '2.00', 20, '0.20'),
(10454, 46, '9.60', 10, '0.20'),
(10455, 39, '14.40', 20, '0.00'),
(10455, 53, '26.20', 50, '0.00'),
(10455, 61, '22.80', 25, '0.00'),
(10455, 71, '17.20', 30, '0.00'),
(10456, 21, '8.00', 40, '0.15'),
(10456, 49, '16.00', 21, '0.15'),
(10457, 59, '44.00', 36, '0.00'),
(10458, 26, '24.90', 30, '0.00'),
(10458, 28, '36.40', 30, '0.00'),
(10458, 43, '36.80', 20, '0.00'),
(10458, 56, '30.40', 15, '0.00'),
(10458, 71, '17.20', 50, '0.00'),
(10459, 7, '24.00', 16, '0.05'),
(10459, 46, '9.60', 20, '0.05'),
(10459, 72, '27.80', 40, '0.00'),
(10460, 68, '10.00', 21, '0.25'),
(10460, 75, '6.20', 4, '0.25'),
(10461, 21, '8.00', 40, '0.25'),
(10461, 30, '20.70', 28, '0.25'),
(10461, 55, '19.20', 60, '0.25'),
(10462, 13, '4.80', 1, '0.00'),
(10462, 23, '7.20', 21, '0.00'),
(10463, 19, '7.30', 21, '0.00'),
(10463, 42, '11.20', 50, '0.00'),
(10464, 4, '17.60', 16, '0.20'),
(10464, 43, '36.80', 3, '0.00'),
(10464, 56, '30.40', 30, '0.20'),
(10464, 60, '27.20', 20, '0.00'),
(10465, 24, '3.60', 25, '0.00'),
(10465, 29, '99.00', 18, '0.10'),
(10465, 40, '14.70', 20, '0.00'),
(10465, 45, '7.60', 30, '0.10'),
(10465, 50, '13.00', 25, '0.00'),
(10466, 11, '16.80', 10, '0.00'),
(10466, 46, '9.60', 5, '0.00'),
(10467, 24, '3.60', 28, '0.00'),
(10467, 25, '11.20', 12, '0.00'),
(10468, 30, '20.70', 8, '0.00'),
(10468, 43, '36.80', 15, '0.00'),
(10469, 2, '15.20', 40, '0.15'),
(10469, 16, '13.90', 35, '0.15'),
(10469, 44, '15.50', 2, '0.15'),
(10470, 18, '50.00', 30, '0.00'),
(10470, 23, '7.20', 15, '0.00'),
(10470, 64, '26.60', 8, '0.00'),
(10471, 7, '24.00', 30, '0.00'),
(10471, 56, '30.40', 20, '0.00'),
(10472, 24, '3.60', 80, '0.05'),
(10472, 51, '42.40', 18, '0.00'),
(10473, 33, '2.00', 12, '0.00'),
(10473, 71, '17.20', 12, '0.00'),
(10474, 14, '18.60', 12, '0.00'),
(10474, 28, '36.40', 18, '0.00'),
(10474, 40, '14.70', 21, '0.00'),
(10474, 75, '6.20', 10, '0.00'),
(10475, 31, '10.00', 35, '0.15'),
(10475, 66, '13.60', 60, '0.15'),
(10475, 76, '14.40', 42, '0.15'),
(10476, 55, '19.20', 2, '0.05'),
(10476, 70, '12.00', 12, '0.00'),
(10477, 1, '14.40', 15, '0.00'),
(10477, 21, '8.00', 21, '0.25'),
(10477, 39, '14.40', 20, '0.25'),
(10478, 10, '24.80', 20, '0.05'),
(10479, 38, '210.80', 30, '0.00'),
(10479, 53, '26.20', 28, '0.00'),
(10479, 59, '44.00', 60, '0.00'),
(10479, 64, '26.60', 30, '0.00'),
(10480, 47, '7.60', 30, '0.00'),
(10480, 59, '44.00', 12, '0.00'),
(10481, 49, '16.00', 24, '0.00'),
(10481, 60, '27.20', 40, '0.00'),
(10482, 40, '14.70', 10, '0.00'),
(10483, 34, '11.20', 35, '0.05'),
(10483, 77, '10.40', 30, '0.05'),
(10484, 21, '8.00', 14, '0.00'),
(10484, 40, '14.70', 10, '0.00'),
(10484, 51, '42.40', 3, '0.00'),
(10485, 2, '15.20', 20, '0.10'),
(10485, 3, '8.00', 20, '0.10'),
(10485, 55, '19.20', 30, '0.10'),
(10485, 70, '12.00', 60, '0.10'),
(10486, 11, '16.80', 5, '0.00'),
(10486, 51, '42.40', 25, '0.00'),
(10486, 74, '8.00', 16, '0.00'),
(10487, 19, '7.30', 5, '0.00'),
(10487, 26, '24.90', 30, '0.00'),
(10487, 54, '5.90', 24, '0.25'),
(10488, 59, '44.00', 30, '0.00'),
(10488, 73, '12.00', 20, '0.20'),
(10489, 11, '16.80', 15, '0.25'),
(10489, 16, '13.90', 18, '0.00'),
(10490, 59, '44.00', 60, '0.00'),
(10490, 68, '10.00', 30, '0.00'),
(10490, 75, '6.20', 36, '0.00'),
(10491, 44, '15.50', 15, '0.15'),
(10491, 77, '10.40', 7, '0.15'),
(10492, 25, '11.20', 60, '0.05'),
(10492, 42, '11.20', 20, '0.05'),
(10493, 65, '16.80', 15, '0.10'),
(10493, 66, '13.60', 10, '0.10'),
(10493, 69, '28.80', 10, '0.10'),
(10494, 56, '30.40', 30, '0.00'),
(10495, 23, '7.20', 10, '0.00'),
(10495, 41, '7.70', 20, '0.00'),
(10495, 77, '10.40', 5, '0.00'),
(10496, 31, '10.00', 20, '0.05'),
(10497, 56, '30.40', 14, '0.00'),
(10497, 72, '27.80', 25, '0.00'),
(10497, 77, '10.40', 25, '0.00'),
(10498, 24, '4.50', 14, '0.00'),
(10498, 40, '18.40', 5, '0.00'),
(10498, 42, '14.00', 30, '0.00'),
(10499, 28, '45.60', 20, '0.00'),
(10499, 49, '20.00', 25, '0.00'),
(10500, 15, '15.50', 12, '0.05'),
(10500, 28, '45.60', 8, '0.05'),
(10501, 54, '7.45', 20, '0.00'),
(10502, 45, '9.50', 21, '0.00'),
(10502, 53, '32.80', 6, '0.00'),
(10502, 67, '14.00', 30, '0.00'),
(10503, 14, '23.25', 70, '0.00'),
(10503, 65, '21.05', 20, '0.00'),
(10504, 2, '19.00', 12, '0.00'),
(10504, 21, '10.00', 12, '0.00'),
(10504, 53, '32.80', 10, '0.00'),
(10504, 61, '28.50', 25, '0.00'),
(10505, 62, '49.30', 3, '0.00'),
(10506, 25, '14.00', 18, '0.10'),
(10506, 70, '15.00', 14, '0.10'),
(10507, 43, '46.00', 15, '0.15'),
(10507, 48, '12.75', 15, '0.15'),
(10508, 13, '6.00', 10, '0.00'),
(10508, 39, '18.00', 10, '0.00'),
(10509, 28, '45.60', 3, '0.00'),
(10510, 29, '123.79', 36, '0.00'),
(10510, 75, '7.75', 36, '0.10'),
(10511, 4, '22.00', 50, '0.15'),
(10511, 7, '30.00', 50, '0.15'),
(10511, 8, '40.00', 10, '0.15'),
(10512, 24, '4.50', 10, '0.15'),
(10512, 46, '12.00', 9, '0.15'),
(10512, 47, '9.50', 6, '0.15'),
(10512, 60, '34.00', 12, '0.15'),
(10513, 21, '10.00', 40, '0.20'),
(10513, 32, '32.00', 50, '0.20'),
(10513, 61, '28.50', 15, '0.20'),
(10514, 20, '81.00', 39, '0.00'),
(10514, 28, '45.60', 35, '0.00'),
(10514, 56, '38.00', 70, '0.00'),
(10514, 65, '21.05', 39, '0.00'),
(10514, 75, '7.75', 50, '0.00'),
(10515, 9, '97.00', 16, '0.15'),
(10515, 16, '17.45', 50, '0.00'),
(10515, 27, '43.90', 120, '0.00'),
(10515, 33, '2.50', 16, '0.15'),
(10515, 60, '34.00', 84, '0.15'),
(10516, 18, '62.50', 25, '0.10'),
(10516, 41, '9.65', 80, '0.10'),
(10516, 42, '14.00', 20, '0.00'),
(10517, 52, '7.00', 6, '0.00'),
(10517, 59, '55.00', 4, '0.00'),
(10517, 70, '15.00', 6, '0.00'),
(10518, 24, '4.50', 5, '0.00'),
(10518, 38, '263.50', 15, '0.00'),
(10518, 44, '19.45', 9, '0.00'),
(10519, 10, '31.00', 16, '0.05'),
(10519, 56, '38.00', 40, '0.00'),
(10519, 60, '34.00', 10, '0.05'),
(10520, 24, '4.50', 8, '0.00'),
(10520, 53, '32.80', 5, '0.00'),
(10521, 35, '18.00', 3, '0.00'),
(10521, 41, '9.65', 10, '0.00'),
(10521, 68, '12.50', 6, '0.00'),
(10522, 1, '18.00', 40, '0.20'),
(10522, 8, '40.00', 24, '0.00'),
(10522, 30, '25.89', 20, '0.20'),
(10522, 40, '18.40', 25, '0.20'),
(10523, 17, '39.00', 25, '0.10'),
(10523, 20, '81.00', 15, '0.10'),
(10523, 37, '26.00', 18, '0.10'),
(10523, 41, '9.65', 6, '0.10'),
(10524, 10, '31.00', 2, '0.00'),
(10524, 30, '25.89', 10, '0.00'),
(10524, 43, '46.00', 60, '0.00'),
(10524, 54, '7.45', 15, '0.00'),
(10525, 36, '19.00', 30, '0.00'),
(10525, 40, '18.40', 15, '0.10'),
(10526, 1, '18.00', 8, '0.15'),
(10526, 13, '6.00', 10, '0.00'),
(10526, 56, '38.00', 30, '0.15'),
(10527, 4, '22.00', 50, '0.10'),
(10527, 36, '19.00', 30, '0.10'),
(10528, 11, '21.00', 3, '0.00'),
(10528, 33, '2.50', 8, '0.20'),
(10528, 72, '34.80', 9, '0.00'),
(10529, 55, '24.00', 14, '0.00'),
(10529, 68, '12.50', 20, '0.00'),
(10529, 69, '36.00', 10, '0.00'),
(10530, 17, '39.00', 40, '0.00'),
(10530, 43, '46.00', 25, '0.00'),
(10530, 61, '28.50', 20, '0.00'),
(10530, 76, '18.00', 50, '0.00'),
(10531, 59, '55.00', 2, '0.00'),
(10532, 30, '25.89', 15, '0.00'),
(10532, 66, '17.00', 24, '0.00'),
(10533, 4, '22.00', 50, '0.05'),
(10533, 72, '34.80', 24, '0.00'),
(10533, 73, '15.00', 24, '0.05'),
(10534, 30, '25.89', 10, '0.00'),
(10534, 40, '18.40', 10, '0.20'),
(10534, 54, '7.45', 10, '0.20'),
(10535, 11, '21.00', 50, '0.10'),
(10535, 40, '18.40', 10, '0.10'),
(10535, 57, '19.50', 5, '0.10'),
(10535, 59, '55.00', 15, '0.10'),
(10536, 12, '38.00', 15, '0.25'),
(10536, 31, '12.50', 20, '0.00'),
(10536, 33, '2.50', 30, '0.00'),
(10536, 60, '34.00', 35, '0.25'),
(10537, 31, '12.50', 30, '0.00'),
(10537, 51, '53.00', 6, '0.00'),
(10537, 58, '13.25', 20, '0.00'),
(10537, 72, '34.80', 21, '0.00'),
(10537, 73, '15.00', 9, '0.00'),
(10538, 70, '15.00', 7, '0.00'),
(10538, 72, '34.80', 1, '0.00'),
(10539, 13, '6.00', 8, '0.00'),
(10539, 21, '10.00', 15, '0.00'),
(10539, 33, '2.50', 15, '0.00'),
(10539, 49, '20.00', 6, '0.00'),
(10540, 3, '10.00', 60, '0.00'),
(10540, 26, '31.23', 40, '0.00'),
(10540, 38, '263.50', 30, '0.00'),
(10540, 68, '12.50', 35, '0.00'),
(10541, 24, '4.50', 35, '0.10'),
(10541, 38, '263.50', 4, '0.10'),
(10541, 65, '21.05', 36, '0.10'),
(10541, 71, '21.50', 9, '0.10'),
(10542, 11, '21.00', 15, '0.05'),
(10542, 54, '7.45', 24, '0.05'),
(10543, 12, '38.00', 30, '0.15'),
(10543, 23, '9.00', 70, '0.15'),
(10544, 28, '45.60', 7, '0.00'),
(10544, 67, '14.00', 7, '0.00'),
(10545, 11, '21.00', 10, '0.00'),
(10546, 7, '30.00', 10, '0.00'),
(10546, 35, '18.00', 30, '0.00'),
(10546, 62, '49.30', 40, '0.00'),
(10547, 32, '32.00', 24, '0.15'),
(10547, 36, '19.00', 60, '0.00'),
(10548, 34, '14.00', 10, '0.25'),
(10548, 41, '9.65', 14, '0.00'),
(10549, 31, '12.50', 55, '0.15'),
(10549, 45, '9.50', 100, '0.15'),
(10549, 51, '53.00', 48, '0.15'),
(10550, 17, '39.00', 8, '0.10'),
(10550, 19, '9.20', 10, '0.00'),
(10550, 21, '10.00', 6, '0.10'),
(10550, 61, '28.50', 10, '0.10'),
(10551, 16, '17.45', 40, '0.15'),
(10551, 35, '18.00', 20, '0.15'),
(10551, 44, '19.45', 40, '0.00'),
(10552, 69, '36.00', 18, '0.00'),
(10552, 75, '7.75', 30, '0.00'),
(10553, 11, '21.00', 15, '0.00'),
(10553, 16, '17.45', 14, '0.00'),
(10553, 22, '21.00', 24, '0.00'),
(10553, 31, '12.50', 30, '0.00'),
(10553, 35, '18.00', 6, '0.00'),
(10554, 16, '17.45', 30, '0.05'),
(10554, 23, '9.00', 20, '0.05'),
(10554, 62, '49.30', 20, '0.05'),
(10554, 77, '13.00', 10, '0.05'),
(10555, 14, '23.25', 30, '0.20'),
(10555, 19, '9.20', 35, '0.20'),
(10555, 24, '4.50', 18, '0.20'),
(10555, 51, '53.00', 20, '0.20'),
(10555, 56, '38.00', 40, '0.20'),
(10556, 72, '34.80', 24, '0.00'),
(10557, 64, '33.25', 30, '0.00'),
(10557, 75, '7.75', 20, '0.00'),
(10558, 47, '9.50', 25, '0.00'),
(10558, 51, '53.00', 20, '0.00'),
(10558, 52, '7.00', 30, '0.00'),
(10558, 53, '32.80', 18, '0.00'),
(10558, 73, '15.00', 3, '0.00'),
(10559, 41, '9.65', 12, '0.05'),
(10559, 55, '24.00', 18, '0.05'),
(10560, 30, '25.89', 20, '0.00'),
(10560, 62, '49.30', 15, '0.25'),
(10561, 44, '19.45', 10, '0.00'),
(10561, 51, '53.00', 50, '0.00'),
(10562, 33, '2.50', 20, '0.10'),
(10562, 62, '49.30', 10, '0.10'),
(10563, 36, '19.00', 25, '0.00'),
(10563, 52, '7.00', 70, '0.00'),
(10564, 17, '39.00', 16, '0.05'),
(10564, 31, '12.50', 6, '0.05'),
(10564, 55, '24.00', 25, '0.05'),
(10565, 24, '4.50', 25, '0.10'),
(10565, 64, '33.25', 18, '0.10'),
(10566, 11, '21.00', 35, '0.15'),
(10566, 18, '62.50', 18, '0.15'),
(10566, 76, '18.00', 10, '0.00'),
(10567, 31, '12.50', 60, '0.20'),
(10567, 51, '53.00', 3, '0.00'),
(10567, 59, '55.00', 40, '0.20'),
(10568, 10, '31.00', 5, '0.00'),
(10569, 31, '12.50', 35, '0.20'),
(10569, 76, '18.00', 30, '0.00'),
(10570, 11, '21.00', 15, '0.05'),
(10570, 56, '38.00', 60, '0.05'),
(10571, 14, '23.25', 11, '0.15'),
(10571, 42, '14.00', 28, '0.15'),
(10572, 16, '17.45', 12, '0.10'),
(10572, 32, '32.00', 10, '0.10'),
(10572, 40, '18.40', 50, '0.00'),
(10572, 75, '7.75', 15, '0.10'),
(10573, 17, '39.00', 18, '0.00'),
(10573, 34, '14.00', 40, '0.00'),
(10573, 53, '32.80', 25, '0.00'),
(10574, 33, '2.50', 14, '0.00'),
(10574, 40, '18.40', 2, '0.00'),
(10574, 62, '49.30', 10, '0.00'),
(10574, 64, '33.25', 6, '0.00'),
(10575, 59, '55.00', 12, '0.00'),
(10575, 63, '43.90', 6, '0.00'),
(10575, 72, '34.80', 30, '0.00'),
(10575, 76, '18.00', 10, '0.00'),
(10576, 1, '18.00', 10, '0.00'),
(10576, 31, '12.50', 20, '0.00'),
(10576, 44, '19.45', 21, '0.00'),
(10577, 39, '18.00', 10, '0.00'),
(10577, 75, '7.75', 20, '0.00'),
(10577, 77, '13.00', 18, '0.00'),
(10578, 35, '18.00', 20, '0.00'),
(10578, 57, '19.50', 6, '0.00'),
(10579, 15, '15.50', 10, '0.00'),
(10579, 75, '7.75', 21, '0.00'),
(10580, 14, '23.25', 15, '0.05'),
(10580, 41, '9.65', 9, '0.05'),
(10580, 65, '21.05', 30, '0.05'),
(10581, 75, '7.75', 50, '0.20'),
(10582, 57, '19.50', 4, '0.00'),
(10582, 76, '18.00', 14, '0.00'),
(10583, 29, '123.79', 10, '0.00'),
(10583, 60, '34.00', 24, '0.15'),
(10583, 69, '36.00', 10, '0.15'),
(10584, 31, '12.50', 50, '0.05'),
(10585, 47, '9.50', 15, '0.00'),
(10586, 52, '7.00', 4, '0.15'),
(10587, 26, '31.23', 6, '0.00'),
(10587, 35, '18.00', 20, '0.00'),
(10587, 77, '13.00', 20, '0.00'),
(10588, 18, '62.50', 40, '0.20'),
(10588, 42, '14.00', 100, '0.20'),
(10589, 35, '18.00', 4, '0.00'),
(10590, 1, '18.00', 20, '0.00'),
(10590, 77, '13.00', 60, '0.05'),
(10591, 3, '10.00', 14, '0.00'),
(10591, 7, '30.00', 10, '0.00'),
(10591, 54, '7.45', 50, '0.00'),
(10592, 15, '15.50', 25, '0.05'),
(10592, 26, '31.23', 5, '0.05'),
(10593, 20, '81.00', 21, '0.20'),
(10593, 69, '36.00', 20, '0.20'),
(10593, 76, '18.00', 4, '0.20'),
(10594, 52, '7.00', 24, '0.00'),
(10594, 58, '13.25', 30, '0.00'),
(10595, 35, '18.00', 30, '0.25'),
(10595, 61, '28.50', 120, '0.25'),
(10595, 69, '36.00', 65, '0.25'),
(10596, 56, '38.00', 5, '0.20'),
(10596, 63, '43.90', 24, '0.20'),
(10596, 75, '7.75', 30, '0.20'),
(10597, 24, '4.50', 35, '0.20'),
(10597, 57, '19.50', 20, '0.00'),
(10597, 65, '21.05', 12, '0.20'),
(10598, 27, '43.90', 50, '0.00'),
(10598, 71, '21.50', 9, '0.00'),
(10599, 62, '49.30', 10, '0.00'),
(10600, 54, '7.45', 4, '0.00'),
(10600, 73, '15.00', 30, '0.00'),
(10601, 13, '6.00', 60, '0.00'),
(10601, 59, '55.00', 35, '0.00'),
(10602, 77, '13.00', 5, '0.25'),
(10603, 22, '21.00', 48, '0.00'),
(10603, 49, '20.00', 25, '0.05'),
(10604, 48, '12.75', 6, '0.10'),
(10604, 76, '18.00', 10, '0.10'),
(10605, 16, '17.45', 30, '0.05'),
(10605, 59, '55.00', 20, '0.05'),
(10605, 60, '34.00', 70, '0.05'),
(10605, 71, '21.50', 15, '0.05'),
(10606, 4, '22.00', 20, '0.20'),
(10606, 55, '24.00', 20, '0.20'),
(10606, 62, '49.30', 10, '0.20'),
(10607, 7, '30.00', 45, '0.00'),
(10607, 17, '39.00', 100, '0.00'),
(10607, 33, '2.50', 14, '0.00'),
(10607, 40, '18.40', 42, '0.00'),
(10607, 72, '34.80', 12, '0.00'),
(10608, 56, '38.00', 28, '0.00'),
(10609, 1, '18.00', 3, '0.00'),
(10609, 10, '31.00', 10, '0.00'),
(10609, 21, '10.00', 6, '0.00'),
(10610, 36, '19.00', 21, '0.25'),
(10611, 1, '18.00', 6, '0.00'),
(10611, 2, '19.00', 10, '0.00'),
(10611, 60, '34.00', 15, '0.00'),
(10612, 10, '31.00', 70, '0.00'),
(10612, 36, '19.00', 55, '0.00'),
(10612, 49, '20.00', 18, '0.00'),
(10612, 60, '34.00', 40, '0.00'),
(10612, 76, '18.00', 80, '0.00'),
(10613, 13, '6.00', 8, '0.10'),
(10613, 75, '7.75', 40, '0.00'),
(10614, 11, '21.00', 14, '0.00'),
(10614, 21, '10.00', 8, '0.00'),
(10614, 39, '18.00', 5, '0.00'),
(10615, 55, '24.00', 5, '0.00'),
(10616, 38, '263.50', 15, '0.05'),
(10616, 56, '38.00', 14, '0.00'),
(10616, 70, '15.00', 15, '0.05'),
(10616, 71, '21.50', 15, '0.05'),
(10617, 59, '55.00', 30, '0.15'),
(10618, 6, '25.00', 70, '0.00'),
(10618, 56, '38.00', 20, '0.00'),
(10618, 68, '12.50', 15, '0.00'),
(10619, 21, '10.00', 42, '0.00'),
(10619, 22, '21.00', 40, '0.00'),
(10620, 24, '4.50', 5, '0.00'),
(10620, 52, '7.00', 5, '0.00'),
(10621, 19, '9.20', 5, '0.00'),
(10621, 23, '9.00', 10, '0.00'),
(10621, 70, '15.00', 20, '0.00'),
(10621, 71, '21.50', 15, '0.00'),
(10622, 2, '19.00', 20, '0.00'),
(10622, 68, '12.50', 18, '0.20'),
(10623, 14, '23.25', 21, '0.00'),
(10623, 19, '9.20', 15, '0.10'),
(10623, 21, '10.00', 25, '0.10'),
(10623, 24, '4.50', 3, '0.00'),
(10623, 35, '18.00', 30, '0.10'),
(10624, 28, '45.60', 10, '0.00'),
(10624, 29, '123.79', 6, '0.00'),
(10624, 44, '19.45', 10, '0.00'),
(10625, 14, '23.25', 3, '0.00'),
(10625, 42, '14.00', 5, '0.00'),
(10625, 60, '34.00', 10, '0.00'),
(10626, 53, '32.80', 12, '0.00'),
(10626, 60, '34.00', 20, '0.00'),
(10626, 71, '21.50', 20, '0.00'),
(10627, 62, '49.30', 15, '0.00'),
(10627, 73, '15.00', 35, '0.15'),
(10628, 1, '18.00', 25, '0.00'),
(10629, 29, '123.79', 20, '0.00'),
(10629, 64, '33.25', 9, '0.00'),
(10630, 55, '24.00', 12, '0.05'),
(10630, 76, '18.00', 35, '0.00'),
(10631, 75, '7.75', 8, '0.10'),
(10632, 2, '19.00', 30, '0.05'),
(10632, 33, '2.50', 20, '0.05'),
(10633, 12, '38.00', 36, '0.15'),
(10633, 13, '6.00', 13, '0.15'),
(10633, 26, '31.23', 35, '0.15'),
(10633, 62, '49.30', 80, '0.15'),
(10634, 7, '30.00', 35, '0.00'),
(10634, 18, '62.50', 50, '0.00'),
(10634, 51, '53.00', 15, '0.00'),
(10634, 75, '7.75', 2, '0.00'),
(10635, 4, '22.00', 10, '0.10'),
(10635, 5, '21.35', 15, '0.10'),
(10635, 22, '21.00', 40, '0.00'),
(10636, 4, '22.00', 25, '0.00'),
(10636, 58, '13.25', 6, '0.00'),
(10637, 11, '21.00', 10, '0.00'),
(10637, 50, '16.25', 25, '0.05'),
(10637, 56, '38.00', 60, '0.05'),
(10638, 45, '9.50', 20, '0.00'),
(10638, 65, '21.05', 21, '0.00'),
(10638, 72, '34.80', 60, '0.00'),
(10639, 18, '62.50', 8, '0.00'),
(10640, 69, '36.00', 20, '0.25'),
(10640, 70, '15.00', 15, '0.25'),
(10641, 2, '19.00', 50, '0.00'),
(10641, 40, '18.40', 60, '0.00'),
(10642, 21, '10.00', 30, '0.20'),
(10642, 61, '28.50', 20, '0.20'),
(10643, 28, '45.60', 15, '0.25'),
(10643, 39, '18.00', 21, '0.25'),
(10643, 46, '12.00', 2, '0.25'),
(10644, 18, '62.50', 4, '0.10'),
(10644, 43, '46.00', 20, '0.00'),
(10644, 46, '12.00', 21, '0.10'),
(10645, 18, '62.50', 20, '0.00'),
(10645, 36, '19.00', 15, '0.00'),
(10646, 1, '18.00', 15, '0.25'),
(10646, 10, '31.00', 18, '0.25'),
(10646, 71, '21.50', 30, '0.25'),
(10646, 77, '13.00', 35, '0.25'),
(10647, 19, '9.20', 30, '0.00'),
(10647, 39, '18.00', 20, '0.00'),
(10648, 22, '21.00', 15, '0.00'),
(10648, 24, '4.50', 15, '0.15'),
(10649, 28, '45.60', 20, '0.00'),
(10649, 72, '34.80', 15, '0.00'),
(10650, 30, '25.89', 30, '0.00'),
(10650, 53, '32.80', 25, '0.05'),
(10650, 54, '7.45', 30, '0.00'),
(10651, 19, '9.20', 12, '0.25'),
(10651, 22, '21.00', 20, '0.25'),
(10652, 30, '25.89', 2, '0.25'),
(10652, 42, '14.00', 20, '0.00'),
(10653, 16, '17.45', 30, '0.10'),
(10653, 60, '34.00', 20, '0.10'),
(10654, 4, '22.00', 12, '0.10'),
(10654, 39, '18.00', 20, '0.10'),
(10654, 54, '7.45', 6, '0.10'),
(10655, 41, '9.65', 20, '0.20'),
(10656, 14, '23.25', 3, '0.10'),
(10656, 44, '19.45', 28, '0.10'),
(10656, 47, '9.50', 6, '0.10'),
(10657, 15, '15.50', 50, '0.00'),
(10657, 41, '9.65', 24, '0.00'),
(10657, 46, '12.00', 45, '0.00'),
(10657, 47, '9.50', 10, '0.00'),
(10657, 56, '38.00', 45, '0.00'),
(10657, 60, '34.00', 30, '0.00'),
(10658, 21, '10.00', 60, '0.00'),
(10658, 40, '18.40', 70, '0.05'),
(10658, 60, '34.00', 55, '0.05'),
(10658, 77, '13.00', 70, '0.05'),
(10659, 31, '12.50', 20, '0.05'),
(10659, 40, '18.40', 24, '0.05'),
(10659, 70, '15.00', 40, '0.05'),
(10660, 20, '81.00', 21, '0.00'),
(10661, 39, '18.00', 3, '0.20'),
(10661, 58, '13.25', 49, '0.20'),
(10662, 68, '12.50', 10, '0.00'),
(10663, 40, '18.40', 30, '0.05'),
(10663, 42, '14.00', 30, '0.05'),
(10663, 51, '53.00', 20, '0.05'),
(10664, 10, '31.00', 24, '0.15'),
(10664, 56, '38.00', 12, '0.15'),
(10664, 65, '21.05', 15, '0.15'),
(10665, 51, '53.00', 20, '0.00'),
(10665, 59, '55.00', 1, '0.00'),
(10665, 76, '18.00', 10, '0.00'),
(10666, 29, '123.79', 36, '0.00'),
(10666, 65, '21.05', 10, '0.00'),
(10667, 69, '36.00', 45, '0.20'),
(10667, 71, '21.50', 14, '0.20'),
(10668, 31, '12.50', 8, '0.10'),
(10668, 55, '24.00', 4, '0.10'),
(10668, 64, '33.25', 15, '0.10'),
(10669, 36, '19.00', 30, '0.00'),
(10670, 23, '9.00', 32, '0.00'),
(10670, 46, '12.00', 60, '0.00'),
(10670, 67, '14.00', 25, '0.00'),
(10670, 73, '15.00', 50, '0.00'),
(10670, 75, '7.75', 25, '0.00'),
(10671, 16, '17.45', 10, '0.00'),
(10671, 62, '49.30', 10, '0.00'),
(10671, 65, '21.05', 12, '0.00'),
(10672, 38, '263.50', 15, '0.10'),
(10672, 71, '21.50', 12, '0.00'),
(10673, 16, '17.45', 3, '0.00'),
(10673, 42, '14.00', 6, '0.00'),
(10673, 43, '46.00', 6, '0.00'),
(10674, 23, '9.00', 5, '0.00'),
(10675, 14, '23.25', 30, '0.00'),
(10675, 53, '32.80', 10, '0.00'),
(10675, 58, '13.25', 30, '0.00'),
(10676, 10, '31.00', 2, '0.00'),
(10676, 19, '9.20', 7, '0.00'),
(10676, 44, '19.45', 21, '0.00'),
(10677, 26, '31.23', 30, '0.15'),
(10677, 33, '2.50', 8, '0.15'),
(10678, 12, '38.00', 100, '0.00'),
(10678, 33, '2.50', 30, '0.00'),
(10678, 41, '9.65', 120, '0.00'),
(10678, 54, '7.45', 30, '0.00'),
(10679, 59, '55.00', 12, '0.00'),
(10680, 16, '17.45', 50, '0.25'),
(10680, 31, '12.50', 20, '0.25'),
(10680, 42, '14.00', 40, '0.25'),
(10681, 19, '9.20', 30, '0.10'),
(10681, 21, '10.00', 12, '0.10'),
(10681, 64, '33.25', 28, '0.00'),
(10682, 33, '2.50', 30, '0.00'),
(10682, 66, '17.00', 4, '0.00'),
(10682, 75, '7.75', 30, '0.00'),
(10683, 52, '7.00', 9, '0.00'),
(10684, 40, '18.40', 20, '0.00'),
(10684, 47, '9.50', 40, '0.00'),
(10684, 60, '34.00', 30, '0.00'),
(10685, 10, '31.00', 20, '0.00'),
(10685, 41, '9.65', 4, '0.00'),
(10685, 47, '9.50', 15, '0.00'),
(10686, 17, '39.00', 30, '0.20'),
(10686, 26, '31.23', 15, '0.00'),
(10687, 9, '97.00', 50, '0.25'),
(10687, 29, '123.79', 10, '0.00'),
(10687, 36, '19.00', 6, '0.25'),
(10688, 10, '31.00', 18, '0.10'),
(10688, 28, '45.60', 60, '0.10'),
(10688, 34, '14.00', 14, '0.00'),
(10689, 1, '18.00', 35, '0.25'),
(10690, 56, '38.00', 20, '0.25'),
(10690, 77, '13.00', 30, '0.25'),
(10691, 1, '18.00', 30, '0.00'),
(10691, 29, '123.79', 40, '0.00'),
(10691, 43, '46.00', 40, '0.00'),
(10691, 44, '19.45', 24, '0.00'),
(10691, 62, '49.30', 48, '0.00'),
(10692, 63, '43.90', 20, '0.00'),
(10693, 9, '97.00', 6, '0.00'),
(10693, 54, '7.45', 60, '0.15'),
(10693, 69, '36.00', 30, '0.15'),
(10693, 73, '15.00', 15, '0.15'),
(10694, 7, '30.00', 90, '0.00'),
(10694, 59, '55.00', 25, '0.00'),
(10694, 70, '15.00', 50, '0.00'),
(10695, 8, '40.00', 10, '0.00'),
(10695, 12, '38.00', 4, '0.00'),
(10695, 24, '4.50', 20, '0.00'),
(10696, 17, '39.00', 20, '0.00'),
(10696, 46, '12.00', 18, '0.00'),
(10697, 19, '9.20', 7, '0.25'),
(10697, 35, '18.00', 9, '0.25'),
(10697, 58, '13.25', 30, '0.25'),
(10697, 70, '15.00', 30, '0.25'),
(10698, 11, '21.00', 15, '0.00'),
(10698, 17, '39.00', 8, '0.05'),
(10698, 29, '123.79', 12, '0.05'),
(10698, 65, '21.05', 65, '0.05'),
(10698, 70, '15.00', 8, '0.05'),
(10699, 47, '9.50', 12, '0.00'),
(10700, 1, '18.00', 5, '0.20'),
(10700, 34, '14.00', 12, '0.20'),
(10700, 68, '12.50', 40, '0.20'),
(10700, 71, '21.50', 60, '0.20'),
(10701, 59, '55.00', 42, '0.15'),
(10701, 71, '21.50', 20, '0.15'),
(10701, 76, '18.00', 35, '0.15'),
(10702, 3, '10.00', 6, '0.00'),
(10702, 76, '18.00', 15, '0.00'),
(10703, 2, '19.00', 5, '0.00'),
(10703, 59, '55.00', 35, '0.00'),
(10703, 73, '15.00', 35, '0.00'),
(10704, 4, '22.00', 6, '0.00'),
(10704, 24, '4.50', 35, '0.00'),
(10704, 48, '12.75', 24, '0.00'),
(10705, 31, '12.50', 20, '0.00'),
(10705, 32, '32.00', 4, '0.00'),
(10706, 16, '17.45', 20, '0.00'),
(10706, 43, '46.00', 24, '0.00'),
(10706, 59, '55.00', 8, '0.00'),
(10707, 55, '24.00', 21, '0.00'),
(10707, 57, '19.50', 40, '0.00'),
(10707, 70, '15.00', 28, '0.15'),
(10708, 5, '21.35', 4, '0.00'),
(10708, 36, '19.00', 5, '0.00'),
(10709, 8, '40.00', 40, '0.00'),
(10709, 51, '53.00', 28, '0.00'),
(10709, 60, '34.00', 10, '0.00'),
(10710, 19, '9.20', 5, '0.00'),
(10710, 47, '9.50', 5, '0.00'),
(10711, 19, '9.20', 12, '0.00'),
(10711, 41, '9.65', 42, '0.00'),
(10711, 53, '32.80', 120, '0.00'),
(10712, 53, '32.80', 3, '0.05'),
(10712, 56, '38.00', 30, '0.00'),
(10713, 10, '31.00', 18, '0.00'),
(10713, 26, '31.23', 30, '0.00'),
(10713, 45, '9.50', 110, '0.00'),
(10713, 46, '12.00', 24, '0.00'),
(10714, 2, '19.00', 30, '0.25'),
(10714, 17, '39.00', 27, '0.25'),
(10714, 47, '9.50', 50, '0.25'),
(10714, 56, '38.00', 18, '0.25'),
(10714, 58, '13.25', 12, '0.25'),
(10715, 10, '31.00', 21, '0.00'),
(10715, 71, '21.50', 30, '0.00'),
(10716, 21, '10.00', 5, '0.00'),
(10716, 51, '53.00', 7, '0.00'),
(10716, 61, '28.50', 10, '0.00'),
(10717, 21, '10.00', 32, '0.05'),
(10717, 54, '7.45', 15, '0.00'),
(10717, 69, '36.00', 25, '0.05'),
(10718, 12, '38.00', 36, '0.00'),
(10718, 16, '17.45', 20, '0.00'),
(10718, 36, '19.00', 40, '0.00'),
(10718, 62, '49.30', 20, '0.00'),
(10719, 18, '62.50', 12, '0.25'),
(10719, 30, '25.89', 3, '0.25'),
(10719, 54, '7.45', 40, '0.25'),
(10720, 35, '18.00', 21, '0.00'),
(10720, 71, '21.50', 8, '0.00'),
(10721, 44, '19.45', 50, '0.05'),
(10722, 2, '19.00', 3, '0.00'),
(10722, 31, '12.50', 50, '0.00'),
(10722, 68, '12.50', 45, '0.00'),
(10722, 75, '7.75', 42, '0.00'),
(10723, 26, '31.23', 15, '0.00'),
(10724, 10, '31.00', 16, '0.00'),
(10724, 61, '28.50', 5, '0.00'),
(10725, 41, '9.65', 12, '0.00'),
(10725, 52, '7.00', 4, '0.00'),
(10725, 55, '24.00', 6, '0.00'),
(10726, 4, '22.00', 25, '0.00'),
(10726, 11, '21.00', 5, '0.00'),
(10727, 17, '39.00', 20, '0.05'),
(10727, 56, '38.00', 10, '0.05'),
(10727, 59, '55.00', 10, '0.05'),
(10728, 30, '25.89', 15, '0.00'),
(10728, 40, '18.40', 6, '0.00'),
(10728, 55, '24.00', 12, '0.00'),
(10728, 60, '34.00', 15, '0.00'),
(10729, 1, '18.00', 50, '0.00'),
(10729, 21, '10.00', 30, '0.00'),
(10729, 50, '16.25', 40, '0.00'),
(10730, 16, '17.45', 15, '0.05'),
(10730, 31, '12.50', 3, '0.05'),
(10730, 65, '21.05', 10, '0.05'),
(10731, 21, '10.00', 40, '0.05'),
(10731, 51, '53.00', 30, '0.05'),
(10732, 76, '18.00', 20, '0.00'),
(10733, 14, '23.25', 16, '0.00'),
(10733, 28, '45.60', 20, '0.00'),
(10733, 52, '7.00', 25, '0.00'),
(10734, 6, '25.00', 30, '0.00'),
(10734, 30, '25.89', 15, '0.00'),
(10734, 76, '18.00', 20, '0.00'),
(10735, 61, '28.50', 20, '0.10'),
(10735, 77, '13.00', 2, '0.10'),
(10736, 65, '21.05', 40, '0.00'),
(10736, 75, '7.75', 20, '0.00'),
(10737, 13, '6.00', 4, '0.00'),
(10737, 41, '9.65', 12, '0.00'),
(10738, 16, '17.45', 3, '0.00'),
(10739, 36, '19.00', 6, '0.00'),
(10739, 52, '7.00', 18, '0.00'),
(10740, 28, '45.60', 5, '0.20'),
(10740, 35, '18.00', 35, '0.20'),
(10740, 45, '9.50', 40, '0.20'),
(10740, 56, '38.00', 14, '0.20'),
(10741, 2, '19.00', 15, '0.20'),
(10742, 3, '10.00', 20, '0.00'),
(10742, 60, '34.00', 50, '0.00'),
(10742, 72, '34.80', 35, '0.00'),
(10743, 46, '12.00', 28, '0.05'),
(10744, 40, '18.40', 50, '0.20'),
(10745, 18, '62.50', 24, '0.00'),
(10745, 44, '19.45', 16, '0.00'),
(10745, 59, '55.00', 45, '0.00'),
(10745, 72, '34.80', 7, '0.00'),
(10746, 13, '6.00', 6, '0.00'),
(10746, 42, '14.00', 28, '0.00'),
(10746, 62, '49.30', 9, '0.00'),
(10746, 69, '36.00', 40, '0.00'),
(10747, 31, '12.50', 8, '0.00'),
(10747, 41, '9.65', 35, '0.00'),
(10747, 63, '43.90', 9, '0.00'),
(10747, 69, '36.00', 30, '0.00'),
(10748, 23, '9.00', 44, '0.00'),
(10748, 40, '18.40', 40, '0.00'),
(10748, 56, '38.00', 28, '0.00'),
(10749, 56, '38.00', 15, '0.00'),
(10749, 59, '55.00', 6, '0.00'),
(10749, 76, '18.00', 10, '0.00'),
(10750, 14, '23.25', 5, '0.15'),
(10750, 45, '9.50', 40, '0.15'),
(10750, 59, '55.00', 25, '0.15'),
(10751, 26, '31.23', 12, '0.10'),
(10751, 30, '25.89', 30, '0.00'),
(10751, 50, '16.25', 20, '0.10'),
(10751, 73, '15.00', 15, '0.00'),
(10752, 1, '18.00', 8, '0.00'),
(10752, 69, '36.00', 3, '0.00'),
(10753, 45, '9.50', 4, '0.00'),
(10753, 74, '10.00', 5, '0.00'),
(10754, 40, '18.40', 3, '0.00'),
(10755, 47, '9.50', 30, '0.25'),
(10755, 56, '38.00', 30, '0.25'),
(10755, 57, '19.50', 14, '0.25'),
(10755, 69, '36.00', 25, '0.25'),
(10756, 18, '62.50', 21, '0.20'),
(10756, 36, '19.00', 20, '0.20'),
(10756, 68, '12.50', 6, '0.20'),
(10756, 69, '36.00', 20, '0.20'),
(10757, 34, '14.00', 30, '0.00'),
(10757, 59, '55.00', 7, '0.00'),
(10757, 62, '49.30', 30, '0.00'),
(10757, 64, '33.25', 24, '0.00'),
(10758, 26, '31.23', 20, '0.00'),
(10758, 52, '7.00', 60, '0.00'),
(10758, 70, '15.00', 40, '0.00'),
(10759, 32, '32.00', 10, '0.00'),
(10760, 25, '14.00', 12, '0.25'),
(10760, 27, '43.90', 40, '0.00'),
(10760, 43, '46.00', 30, '0.25'),
(10761, 25, '14.00', 35, '0.25'),
(10761, 75, '7.75', 18, '0.00'),
(10762, 39, '18.00', 16, '0.00'),
(10762, 47, '9.50', 30, '0.00'),
(10762, 51, '53.00', 28, '0.00'),
(10762, 56, '38.00', 60, '0.00'),
(10763, 21, '10.00', 40, '0.00'),
(10763, 22, '21.00', 6, '0.00'),
(10763, 24, '4.50', 20, '0.00'),
(10764, 3, '10.00', 20, '0.10'),
(10764, 39, '18.00', 130, '0.10'),
(10765, 65, '21.05', 80, '0.10'),
(10766, 2, '19.00', 40, '0.00'),
(10766, 7, '30.00', 35, '0.00'),
(10766, 68, '12.50', 40, '0.00'),
(10767, 42, '14.00', 2, '0.00'),
(10768, 22, '21.00', 4, '0.00'),
(10768, 31, '12.50', 50, '0.00'),
(10768, 60, '34.00', 15, '0.00'),
(10768, 71, '21.50', 12, '0.00'),
(10769, 41, '9.65', 30, '0.05'),
(10769, 52, '7.00', 15, '0.05'),
(10769, 61, '28.50', 20, '0.00'),
(10769, 62, '49.30', 15, '0.00'),
(10770, 11, '21.00', 15, '0.25'),
(10771, 71, '21.50', 16, '0.00'),
(10772, 29, '123.79', 18, '0.00'),
(10772, 59, '55.00', 25, '0.00'),
(10773, 17, '39.00', 33, '0.00'),
(10773, 31, '12.50', 70, '0.20'),
(10773, 75, '7.75', 7, '0.20'),
(10774, 31, '12.50', 2, '0.25'),
(10774, 66, '17.00', 50, '0.00'),
(10775, 10, '31.00', 6, '0.00'),
(10775, 67, '14.00', 3, '0.00'),
(10776, 31, '12.50', 16, '0.05'),
(10776, 42, '14.00', 12, '0.05'),
(10776, 45, '9.50', 27, '0.05'),
(10776, 51, '53.00', 120, '0.05'),
(10777, 42, '14.00', 20, '0.20'),
(10778, 41, '9.65', 10, '0.00'),
(10779, 16, '17.45', 20, '0.00'),
(10779, 62, '49.30', 20, '0.00'),
(10780, 70, '15.00', 35, '0.00'),
(10780, 77, '13.00', 15, '0.00'),
(10781, 54, '7.45', 3, '0.20'),
(10781, 56, '38.00', 20, '0.20'),
(10781, 74, '10.00', 35, '0.00'),
(10782, 31, '12.50', 1, '0.00'),
(10783, 31, '12.50', 10, '0.00'),
(10783, 38, '263.50', 5, '0.00'),
(10784, 36, '19.00', 30, '0.00'),
(10784, 39, '18.00', 2, '0.15'),
(10784, 72, '34.80', 30, '0.15'),
(10785, 10, '31.00', 10, '0.00'),
(10785, 75, '7.75', 10, '0.00'),
(10786, 8, '40.00', 30, '0.20'),
(10786, 30, '25.89', 15, '0.20'),
(10786, 75, '7.75', 42, '0.20'),
(10787, 2, '19.00', 15, '0.05'),
(10787, 29, '123.79', 20, '0.05'),
(10788, 19, '9.20', 50, '0.05'),
(10788, 75, '7.75', 40, '0.05'),
(10789, 18, '62.50', 30, '0.00'),
(10789, 35, '18.00', 15, '0.00'),
(10789, 63, '43.90', 30, '0.00'),
(10789, 68, '12.50', 18, '0.00'),
(10790, 7, '30.00', 3, '0.15'),
(10790, 56, '38.00', 20, '0.15'),
(10791, 29, '123.79', 14, '0.05'),
(10791, 41, '9.65', 20, '0.05'),
(10792, 2, '19.00', 10, '0.00'),
(10792, 54, '7.45', 3, '0.00'),
(10792, 68, '12.50', 15, '0.00'),
(10793, 41, '9.65', 14, '0.00'),
(10793, 52, '7.00', 8, '0.00'),
(10794, 14, '23.25', 15, '0.20'),
(10794, 54, '7.45', 6, '0.20'),
(10795, 16, '17.45', 65, '0.00'),
(10795, 17, '39.00', 35, '0.25'),
(10796, 26, '31.23', 21, '0.20'),
(10796, 44, '19.45', 10, '0.00'),
(10796, 64, '33.25', 35, '0.20'),
(10796, 69, '36.00', 24, '0.20'),
(10797, 11, '21.00', 20, '0.00'),
(10798, 62, '49.30', 2, '0.00'),
(10798, 72, '34.80', 10, '0.00'),
(10799, 13, '6.00', 20, '0.15'),
(10799, 24, '4.50', 20, '0.15'),
(10799, 59, '55.00', 25, '0.00'),
(10800, 11, '21.00', 50, '0.10'),
(10800, 51, '53.00', 10, '0.10'),
(10800, 54, '7.45', 7, '0.10'),
(10801, 17, '39.00', 40, '0.25'),
(10801, 29, '123.79', 20, '0.25'),
(10802, 30, '25.89', 25, '0.25'),
(10802, 51, '53.00', 30, '0.25'),
(10802, 55, '24.00', 60, '0.25'),
(10802, 62, '49.30', 5, '0.25'),
(10803, 19, '9.20', 24, '0.05'),
(10803, 25, '14.00', 15, '0.05'),
(10803, 59, '55.00', 15, '0.05'),
(10804, 10, '31.00', 36, '0.00'),
(10804, 28, '45.60', 24, '0.00'),
(10804, 49, '20.00', 4, '0.15'),
(10805, 34, '14.00', 10, '0.00'),
(10805, 38, '263.50', 10, '0.00'),
(10806, 2, '19.00', 20, '0.25'),
(10806, 65, '21.05', 2, '0.00'),
(10806, 74, '10.00', 15, '0.25'),
(10807, 40, '18.40', 1, '0.00'),
(10808, 56, '38.00', 20, '0.15'),
(10808, 76, '18.00', 50, '0.15'),
(10809, 52, '7.00', 20, '0.00'),
(10810, 13, '6.00', 7, '0.00'),
(10810, 25, '14.00', 5, '0.00'),
(10810, 70, '15.00', 5, '0.00'),
(10811, 19, '9.20', 15, '0.00'),
(10811, 23, '9.00', 18, '0.00'),
(10811, 40, '18.40', 30, '0.00'),
(10812, 31, '12.50', 16, '0.10'),
(10812, 72, '34.80', 40, '0.10'),
(10812, 77, '13.00', 20, '0.00'),
(10813, 2, '19.00', 12, '0.20'),
(10813, 46, '12.00', 35, '0.00'),
(10814, 41, '9.65', 20, '0.00'),
(10814, 43, '46.00', 20, '0.15'),
(10814, 48, '12.75', 8, '0.15'),
(10814, 61, '28.50', 30, '0.15'),
(10815, 33, '2.50', 16, '0.00'),
(10816, 38, '263.50', 30, '0.05'),
(10816, 62, '49.30', 20, '0.05'),
(10817, 26, '31.23', 40, '0.15'),
(10817, 38, '263.50', 30, '0.00'),
(10817, 40, '18.40', 60, '0.15'),
(10817, 62, '49.30', 25, '0.15'),
(10818, 32, '32.00', 20, '0.00'),
(10818, 41, '9.65', 20, '0.00'),
(10819, 43, '46.00', 7, '0.00'),
(10819, 75, '7.75', 20, '0.00'),
(10820, 56, '38.00', 30, '0.00'),
(10821, 35, '18.00', 20, '0.00'),
(10821, 51, '53.00', 6, '0.00'),
(10822, 62, '49.30', 3, '0.00'),
(10822, 70, '15.00', 6, '0.00'),
(10823, 11, '21.00', 20, '0.10'),
(10823, 57, '19.50', 15, '0.00'),
(10823, 59, '55.00', 40, '0.10'),
(10823, 77, '13.00', 15, '0.10'),
(10824, 41, '9.65', 12, '0.00'),
(10824, 70, '15.00', 9, '0.00'),
(10825, 26, '31.23', 12, '0.00'),
(10825, 53, '32.80', 20, '0.00'),
(10826, 31, '12.50', 35, '0.00'),
(10826, 57, '19.50', 15, '0.00'),
(10827, 10, '31.00', 15, '0.00'),
(10827, 39, '18.00', 21, '0.00'),
(10828, 20, '81.00', 5, '0.00'),
(10828, 38, '263.50', 2, '0.00'),
(10829, 2, '19.00', 10, '0.00'),
(10829, 8, '40.00', 20, '0.00'),
(10829, 13, '6.00', 10, '0.00'),
(10829, 60, '34.00', 21, '0.00'),
(10830, 6, '25.00', 6, '0.00'),
(10830, 39, '18.00', 28, '0.00'),
(10830, 60, '34.00', 30, '0.00'),
(10830, 68, '12.50', 24, '0.00'),
(10831, 19, '9.20', 2, '0.00'),
(10831, 35, '18.00', 8, '0.00'),
(10831, 38, '263.50', 8, '0.00'),
(10831, 43, '46.00', 9, '0.00'),
(10832, 13, '6.00', 3, '0.20'),
(10832, 25, '14.00', 10, '0.20'),
(10832, 44, '19.45', 16, '0.20'),
(10832, 64, '33.25', 3, '0.00'),
(10833, 7, '30.00', 20, '0.10'),
(10833, 31, '12.50', 9, '0.10'),
(10833, 53, '32.80', 9, '0.10'),
(10834, 29, '123.79', 8, '0.05'),
(10834, 30, '25.89', 20, '0.05'),
(10835, 59, '55.00', 15, '0.00'),
(10835, 77, '13.00', 2, '0.20'),
(10836, 22, '21.00', 52, '0.00'),
(10836, 35, '18.00', 6, '0.00'),
(10836, 57, '19.50', 24, '0.00'),
(10836, 60, '34.00', 60, '0.00'),
(10836, 64, '33.25', 30, '0.00'),
(10837, 13, '6.00', 6, '0.00'),
(10837, 40, '18.40', 25, '0.00'),
(10837, 47, '9.50', 40, '0.25'),
(10837, 76, '18.00', 21, '0.25'),
(10838, 1, '18.00', 4, '0.25'),
(10838, 18, '62.50', 25, '0.25'),
(10838, 36, '19.00', 50, '0.25'),
(10839, 58, '13.25', 30, '0.10'),
(10839, 72, '34.80', 15, '0.10'),
(10840, 25, '14.00', 6, '0.20'),
(10840, 39, '18.00', 10, '0.20'),
(10841, 10, '31.00', 16, '0.00'),
(10841, 56, '38.00', 30, '0.00'),
(10841, 59, '55.00', 50, '0.00'),
(10841, 77, '13.00', 15, '0.00'),
(10842, 11, '21.00', 15, '0.00'),
(10842, 43, '46.00', 5, '0.00'),
(10842, 68, '12.50', 20, '0.00'),
(10842, 70, '15.00', 12, '0.00'),
(10843, 51, '53.00', 4, '0.25'),
(10844, 22, '21.00', 35, '0.00'),
(10845, 23, '9.00', 70, '0.10'),
(10845, 35, '18.00', 25, '0.10'),
(10845, 42, '14.00', 42, '0.10'),
(10845, 58, '13.25', 60, '0.10'),
(10845, 64, '33.25', 48, '0.00'),
(10846, 4, '22.00', 21, '0.00'),
(10846, 70, '15.00', 30, '0.00'),
(10846, 74, '10.00', 20, '0.00'),
(10847, 1, '18.00', 80, '0.20'),
(10847, 19, '9.20', 12, '0.20'),
(10847, 37, '26.00', 60, '0.20'),
(10847, 45, '9.50', 36, '0.20'),
(10847, 60, '34.00', 45, '0.20'),
(10847, 71, '21.50', 55, '0.20'),
(10848, 5, '21.35', 30, '0.00'),
(10848, 9, '97.00', 3, '0.00'),
(10849, 3, '10.00', 49, '0.00'),
(10849, 26, '31.23', 18, '0.15'),
(10850, 25, '14.00', 20, '0.15');
INSERT INTO `order_details` (`orderID`, `productID`, `unitPrice`, `quantity`, `discount`) VALUES
(10850, 33, '2.50', 4, '0.15'),
(10850, 70, '15.00', 30, '0.15'),
(10851, 2, '19.00', 5, '0.05'),
(10851, 25, '14.00', 10, '0.05'),
(10851, 57, '19.50', 10, '0.05'),
(10851, 59, '55.00', 42, '0.05'),
(10852, 2, '19.00', 15, '0.00'),
(10852, 17, '39.00', 6, '0.00'),
(10852, 62, '49.30', 50, '0.00'),
(10853, 18, '62.50', 10, '0.00'),
(10854, 10, '31.00', 100, '0.15'),
(10854, 13, '6.00', 65, '0.15'),
(10855, 16, '17.45', 50, '0.00'),
(10855, 31, '12.50', 14, '0.00'),
(10855, 56, '38.00', 24, '0.00'),
(10855, 65, '21.05', 15, '0.15'),
(10856, 2, '19.00', 20, '0.00'),
(10856, 42, '14.00', 20, '0.00'),
(10857, 3, '10.00', 30, '0.00'),
(10857, 26, '31.23', 35, '0.25'),
(10857, 29, '123.79', 10, '0.25'),
(10858, 7, '30.00', 5, '0.00'),
(10858, 27, '43.90', 10, '0.00'),
(10858, 70, '15.00', 4, '0.00'),
(10859, 24, '4.50', 40, '0.25'),
(10859, 54, '7.45', 35, '0.25'),
(10859, 64, '33.25', 30, '0.25'),
(10860, 51, '53.00', 3, '0.00'),
(10860, 76, '18.00', 20, '0.00'),
(10861, 17, '39.00', 42, '0.00'),
(10861, 18, '62.50', 20, '0.00'),
(10861, 21, '10.00', 40, '0.00'),
(10861, 33, '2.50', 35, '0.00'),
(10861, 62, '49.30', 3, '0.00'),
(10862, 11, '21.00', 25, '0.00'),
(10862, 52, '7.00', 8, '0.00'),
(10863, 1, '18.00', 20, '0.15'),
(10863, 58, '13.25', 12, '0.15'),
(10864, 35, '18.00', 4, '0.00'),
(10864, 67, '14.00', 15, '0.00'),
(10865, 38, '263.50', 60, '0.05'),
(10865, 39, '18.00', 80, '0.05'),
(10866, 2, '19.00', 21, '0.25'),
(10866, 24, '4.50', 6, '0.25'),
(10866, 30, '25.89', 40, '0.25'),
(10867, 53, '32.80', 3, '0.00'),
(10868, 26, '31.23', 20, '0.00'),
(10868, 35, '18.00', 30, '0.00'),
(10868, 49, '20.00', 42, '0.10'),
(10869, 1, '18.00', 40, '0.00'),
(10869, 11, '21.00', 10, '0.00'),
(10869, 23, '9.00', 50, '0.00'),
(10869, 68, '12.50', 20, '0.00'),
(10870, 35, '18.00', 3, '0.00'),
(10870, 51, '53.00', 2, '0.00'),
(10871, 6, '25.00', 50, '0.05'),
(10871, 16, '17.45', 12, '0.05'),
(10871, 17, '39.00', 16, '0.05'),
(10872, 55, '24.00', 10, '0.05'),
(10872, 62, '49.30', 20, '0.05'),
(10872, 64, '33.25', 15, '0.05'),
(10872, 65, '21.05', 21, '0.05'),
(10873, 21, '10.00', 20, '0.00'),
(10873, 28, '45.60', 3, '0.00'),
(10874, 10, '31.00', 10, '0.00'),
(10875, 19, '9.20', 25, '0.00'),
(10875, 47, '9.50', 21, '0.10'),
(10875, 49, '20.00', 15, '0.00'),
(10876, 46, '12.00', 21, '0.00'),
(10876, 64, '33.25', 20, '0.00'),
(10877, 16, '17.45', 30, '0.25'),
(10877, 18, '62.50', 25, '0.00'),
(10878, 20, '81.00', 20, '0.05'),
(10879, 40, '18.40', 12, '0.00'),
(10879, 65, '21.05', 10, '0.00'),
(10879, 76, '18.00', 10, '0.00'),
(10880, 23, '9.00', 30, '0.20'),
(10880, 61, '28.50', 30, '0.20'),
(10880, 70, '15.00', 50, '0.20'),
(10881, 73, '15.00', 10, '0.00'),
(10882, 42, '14.00', 25, '0.00'),
(10882, 49, '20.00', 20, '0.15'),
(10882, 54, '7.45', 32, '0.15'),
(10883, 24, '4.50', 8, '0.00'),
(10884, 21, '10.00', 40, '0.05'),
(10884, 56, '38.00', 21, '0.05'),
(10884, 65, '21.05', 12, '0.05'),
(10885, 2, '19.00', 20, '0.00'),
(10885, 24, '4.50', 12, '0.00'),
(10885, 70, '15.00', 30, '0.00'),
(10885, 77, '13.00', 25, '0.00'),
(10886, 10, '31.00', 70, '0.00'),
(10886, 31, '12.50', 35, '0.00'),
(10886, 77, '13.00', 40, '0.00'),
(10887, 25, '14.00', 5, '0.00'),
(10888, 2, '19.00', 20, '0.00'),
(10888, 68, '12.50', 18, '0.00'),
(10889, 11, '21.00', 40, '0.00'),
(10889, 38, '263.50', 40, '0.00'),
(10890, 17, '39.00', 15, '0.00'),
(10890, 34, '14.00', 10, '0.00'),
(10890, 41, '9.65', 14, '0.00'),
(10891, 30, '25.89', 15, '0.05'),
(10892, 59, '55.00', 40, '0.05'),
(10893, 8, '40.00', 30, '0.00'),
(10893, 24, '4.50', 10, '0.00'),
(10893, 29, '123.79', 24, '0.00'),
(10893, 30, '25.89', 35, '0.00'),
(10893, 36, '19.00', 20, '0.00'),
(10894, 13, '6.00', 28, '0.05'),
(10894, 69, '36.00', 50, '0.05'),
(10894, 75, '7.75', 120, '0.05'),
(10895, 24, '4.50', 110, '0.00'),
(10895, 39, '18.00', 45, '0.00'),
(10895, 40, '18.40', 91, '0.00'),
(10895, 60, '34.00', 100, '0.00'),
(10896, 45, '9.50', 15, '0.00'),
(10896, 56, '38.00', 16, '0.00'),
(10897, 29, '123.79', 80, '0.00'),
(10897, 30, '25.89', 36, '0.00'),
(10898, 13, '6.00', 5, '0.00'),
(10899, 39, '18.00', 8, '0.15'),
(10900, 70, '15.00', 3, '0.25'),
(10901, 41, '9.65', 30, '0.00'),
(10901, 71, '21.50', 30, '0.00'),
(10902, 55, '24.00', 30, '0.15'),
(10902, 62, '49.30', 6, '0.15'),
(10903, 13, '6.00', 40, '0.00'),
(10903, 65, '21.05', 21, '0.00'),
(10903, 68, '12.50', 20, '0.00'),
(10904, 58, '13.25', 15, '0.00'),
(10904, 62, '49.30', 35, '0.00'),
(10905, 1, '18.00', 20, '0.05'),
(10906, 61, '28.50', 15, '0.00'),
(10907, 75, '7.75', 14, '0.00'),
(10908, 7, '30.00', 20, '0.05'),
(10908, 52, '7.00', 14, '0.05'),
(10909, 7, '30.00', 12, '0.00'),
(10909, 16, '17.45', 15, '0.00'),
(10909, 41, '9.65', 5, '0.00'),
(10910, 19, '9.20', 12, '0.00'),
(10910, 49, '20.00', 10, '0.00'),
(10910, 61, '28.50', 5, '0.00'),
(10911, 1, '18.00', 10, '0.00'),
(10911, 17, '39.00', 12, '0.00'),
(10911, 67, '14.00', 15, '0.00'),
(10912, 11, '21.00', 40, '0.25'),
(10912, 29, '123.79', 60, '0.25'),
(10913, 4, '22.00', 30, '0.25'),
(10913, 33, '2.50', 40, '0.25'),
(10913, 58, '13.25', 15, '0.00'),
(10914, 71, '21.50', 25, '0.00'),
(10915, 17, '39.00', 10, '0.00'),
(10915, 33, '2.50', 30, '0.00'),
(10915, 54, '7.45', 10, '0.00'),
(10916, 16, '17.45', 6, '0.00'),
(10916, 32, '32.00', 6, '0.00'),
(10916, 57, '19.50', 20, '0.00'),
(10917, 30, '25.89', 1, '0.00'),
(10917, 60, '34.00', 10, '0.00'),
(10918, 1, '18.00', 60, '0.25'),
(10918, 60, '34.00', 25, '0.25'),
(10919, 16, '17.45', 24, '0.00'),
(10919, 25, '14.00', 24, '0.00'),
(10919, 40, '18.40', 20, '0.00'),
(10920, 50, '16.25', 24, '0.00'),
(10921, 35, '18.00', 10, '0.00'),
(10921, 63, '43.90', 40, '0.00'),
(10922, 17, '39.00', 15, '0.00'),
(10922, 24, '4.50', 35, '0.00'),
(10923, 42, '14.00', 10, '0.20'),
(10923, 43, '46.00', 10, '0.20'),
(10923, 67, '14.00', 24, '0.20'),
(10924, 10, '31.00', 20, '0.10'),
(10924, 28, '45.60', 30, '0.10'),
(10924, 75, '7.75', 6, '0.00'),
(10925, 36, '19.00', 25, '0.15'),
(10925, 52, '7.00', 12, '0.15'),
(10926, 11, '21.00', 2, '0.00'),
(10926, 13, '6.00', 10, '0.00'),
(10926, 19, '9.20', 7, '0.00'),
(10926, 72, '34.80', 10, '0.00'),
(10927, 20, '81.00', 5, '0.00'),
(10927, 52, '7.00', 5, '0.00'),
(10927, 76, '18.00', 20, '0.00'),
(10928, 47, '9.50', 5, '0.00'),
(10928, 76, '18.00', 5, '0.00'),
(10929, 21, '10.00', 60, '0.00'),
(10929, 75, '7.75', 49, '0.00'),
(10929, 77, '13.00', 15, '0.00'),
(10930, 21, '10.00', 36, '0.00'),
(10930, 27, '43.90', 25, '0.00'),
(10930, 55, '24.00', 25, '0.20'),
(10930, 58, '13.25', 30, '0.20'),
(10931, 13, '6.00', 42, '0.15'),
(10931, 57, '19.50', 30, '0.00'),
(10932, 16, '17.45', 30, '0.10'),
(10932, 62, '49.30', 14, '0.10'),
(10932, 72, '34.80', 16, '0.00'),
(10932, 75, '7.75', 20, '0.10'),
(10933, 53, '32.80', 2, '0.00'),
(10933, 61, '28.50', 30, '0.00'),
(10934, 6, '25.00', 20, '0.00'),
(10935, 1, '18.00', 21, '0.00'),
(10935, 18, '62.50', 4, '0.25'),
(10935, 23, '9.00', 8, '0.25'),
(10936, 36, '19.00', 30, '0.20'),
(10937, 28, '45.60', 8, '0.00'),
(10937, 34, '14.00', 20, '0.00'),
(10938, 13, '6.00', 20, '0.25'),
(10938, 43, '46.00', 24, '0.25'),
(10938, 60, '34.00', 49, '0.25'),
(10938, 71, '21.50', 35, '0.25'),
(10939, 2, '19.00', 10, '0.15'),
(10939, 67, '14.00', 40, '0.15'),
(10940, 7, '30.00', 8, '0.00'),
(10940, 13, '6.00', 20, '0.00'),
(10941, 31, '12.50', 44, '0.25'),
(10941, 62, '49.30', 30, '0.25'),
(10941, 68, '12.50', 80, '0.25'),
(10941, 72, '34.80', 50, '0.00'),
(10942, 49, '20.00', 28, '0.00'),
(10943, 13, '6.00', 15, '0.00'),
(10943, 22, '21.00', 21, '0.00'),
(10943, 46, '12.00', 15, '0.00'),
(10944, 11, '21.00', 5, '0.25'),
(10944, 44, '19.45', 18, '0.25'),
(10944, 56, '38.00', 18, '0.00'),
(10945, 13, '6.00', 20, '0.00'),
(10945, 31, '12.50', 10, '0.00'),
(10946, 10, '31.00', 25, '0.00'),
(10946, 24, '4.50', 25, '0.00'),
(10946, 77, '13.00', 40, '0.00'),
(10947, 59, '55.00', 4, '0.00'),
(10948, 50, '16.25', 9, '0.00'),
(10948, 51, '53.00', 40, '0.00'),
(10948, 55, '24.00', 4, '0.00'),
(10949, 6, '25.00', 12, '0.00'),
(10949, 10, '31.00', 30, '0.00'),
(10949, 17, '39.00', 6, '0.00'),
(10949, 62, '49.30', 60, '0.00'),
(10950, 4, '22.00', 5, '0.00'),
(10951, 33, '2.50', 15, '0.05'),
(10951, 41, '9.65', 6, '0.05'),
(10951, 75, '7.75', 50, '0.05'),
(10952, 6, '25.00', 16, '0.05'),
(10952, 28, '45.60', 2, '0.00'),
(10953, 20, '81.00', 50, '0.05'),
(10953, 31, '12.50', 50, '0.05'),
(10954, 16, '17.45', 28, '0.15'),
(10954, 31, '12.50', 25, '0.15'),
(10954, 45, '9.50', 30, '0.00'),
(10954, 60, '34.00', 24, '0.15'),
(10955, 75, '7.75', 12, '0.20'),
(10956, 21, '10.00', 12, '0.00'),
(10956, 47, '9.50', 14, '0.00'),
(10956, 51, '53.00', 8, '0.00'),
(10957, 30, '25.89', 30, '0.00'),
(10957, 35, '18.00', 40, '0.00'),
(10957, 64, '33.25', 8, '0.00'),
(10958, 5, '21.35', 20, '0.00'),
(10958, 7, '30.00', 6, '0.00'),
(10958, 72, '34.80', 5, '0.00'),
(10959, 75, '7.75', 20, '0.15'),
(10960, 24, '4.50', 10, '0.25'),
(10960, 41, '9.65', 24, '0.00'),
(10961, 52, '7.00', 6, '0.05'),
(10961, 76, '18.00', 60, '0.00'),
(10962, 7, '30.00', 45, '0.00'),
(10962, 13, '6.00', 77, '0.00'),
(10962, 53, '32.80', 20, '0.00'),
(10962, 69, '36.00', 9, '0.00'),
(10962, 76, '18.00', 44, '0.00'),
(10963, 60, '34.00', 2, '0.15'),
(10964, 18, '62.50', 6, '0.00'),
(10964, 38, '263.50', 5, '0.00'),
(10964, 69, '36.00', 10, '0.00'),
(10965, 51, '53.00', 16, '0.00'),
(10966, 37, '26.00', 8, '0.00'),
(10966, 56, '38.00', 12, '0.15'),
(10966, 62, '49.30', 12, '0.15'),
(10967, 19, '9.20', 12, '0.00'),
(10967, 49, '20.00', 40, '0.00'),
(10968, 12, '38.00', 30, '0.00'),
(10968, 24, '4.50', 30, '0.00'),
(10968, 64, '33.25', 4, '0.00'),
(10969, 46, '12.00', 9, '0.00'),
(10970, 52, '7.00', 40, '0.20'),
(10971, 29, '123.79', 14, '0.00'),
(10972, 17, '39.00', 6, '0.00'),
(10972, 33, '2.50', 7, '0.00'),
(10973, 26, '31.23', 5, '0.00'),
(10973, 41, '9.65', 6, '0.00'),
(10973, 75, '7.75', 10, '0.00'),
(10974, 63, '43.90', 10, '0.00'),
(10975, 8, '40.00', 16, '0.00'),
(10975, 75, '7.75', 10, '0.00'),
(10976, 28, '45.60', 20, '0.00'),
(10977, 39, '18.00', 30, '0.00'),
(10977, 47, '9.50', 30, '0.00'),
(10977, 51, '53.00', 10, '0.00'),
(10977, 63, '43.90', 20, '0.00'),
(10978, 8, '40.00', 20, '0.15'),
(10978, 21, '10.00', 40, '0.15'),
(10978, 40, '18.40', 10, '0.00'),
(10978, 44, '19.45', 6, '0.15'),
(10979, 7, '30.00', 18, '0.00'),
(10979, 12, '38.00', 20, '0.00'),
(10979, 24, '4.50', 80, '0.00'),
(10979, 27, '43.90', 30, '0.00'),
(10979, 31, '12.50', 24, '0.00'),
(10979, 63, '43.90', 35, '0.00'),
(10980, 75, '7.75', 40, '0.20'),
(10981, 38, '263.50', 60, '0.00'),
(10982, 7, '30.00', 20, '0.00'),
(10982, 43, '46.00', 9, '0.00'),
(10983, 13, '6.00', 84, '0.15'),
(10983, 57, '19.50', 15, '0.00'),
(10984, 16, '17.45', 55, '0.00'),
(10984, 24, '4.50', 20, '0.00'),
(10984, 36, '19.00', 40, '0.00'),
(10985, 16, '17.45', 36, '0.10'),
(10985, 18, '62.50', 8, '0.10'),
(10985, 32, '32.00', 35, '0.10'),
(10986, 11, '21.00', 30, '0.00'),
(10986, 20, '81.00', 15, '0.00'),
(10986, 76, '18.00', 10, '0.00'),
(10986, 77, '13.00', 15, '0.00'),
(10987, 7, '30.00', 60, '0.00'),
(10987, 43, '46.00', 6, '0.00'),
(10987, 72, '34.80', 20, '0.00'),
(10988, 7, '30.00', 60, '0.00'),
(10988, 62, '49.30', 40, '0.10'),
(10989, 6, '25.00', 40, '0.00'),
(10989, 11, '21.00', 15, '0.00'),
(10989, 41, '9.65', 4, '0.00'),
(10990, 21, '10.00', 65, '0.00'),
(10990, 34, '14.00', 60, '0.15'),
(10990, 55, '24.00', 65, '0.15'),
(10990, 61, '28.50', 66, '0.15'),
(10991, 2, '19.00', 50, '0.20'),
(10991, 70, '15.00', 20, '0.20'),
(10991, 76, '18.00', 90, '0.20'),
(10992, 72, '34.80', 2, '0.00'),
(10993, 29, '123.79', 50, '0.25'),
(10993, 41, '9.65', 35, '0.25'),
(10994, 59, '55.00', 18, '0.05'),
(10995, 51, '53.00', 20, '0.00'),
(10995, 60, '34.00', 4, '0.00'),
(10996, 42, '14.00', 40, '0.00'),
(10997, 32, '32.00', 50, '0.00'),
(10997, 46, '12.00', 20, '0.25'),
(10997, 52, '7.00', 20, '0.25'),
(10998, 24, '4.50', 12, '0.00'),
(10998, 61, '28.50', 7, '0.00'),
(10998, 74, '10.00', 20, '0.00'),
(10998, 75, '7.75', 30, '0.00'),
(10999, 41, '9.65', 20, '0.05'),
(10999, 51, '53.00', 15, '0.05'),
(10999, 77, '13.00', 21, '0.05'),
(11000, 4, '22.00', 25, '0.25'),
(11000, 24, '4.50', 30, '0.25'),
(11000, 77, '13.00', 30, '0.00'),
(11001, 7, '30.00', 60, '0.00'),
(11001, 22, '21.00', 25, '0.00'),
(11001, 46, '12.00', 25, '0.00'),
(11001, 55, '24.00', 6, '0.00'),
(11002, 13, '6.00', 56, '0.00'),
(11002, 35, '18.00', 15, '0.15'),
(11002, 42, '14.00', 24, '0.15'),
(11002, 55, '24.00', 40, '0.00'),
(11003, 1, '18.00', 4, '0.00'),
(11003, 40, '18.40', 10, '0.00'),
(11003, 52, '7.00', 10, '0.00'),
(11004, 26, '31.23', 6, '0.00'),
(11004, 76, '18.00', 6, '0.00'),
(11005, 1, '18.00', 2, '0.00'),
(11005, 59, '55.00', 10, '0.00'),
(11006, 1, '18.00', 8, '0.00'),
(11006, 29, '123.79', 2, '0.25'),
(11007, 8, '40.00', 30, '0.00'),
(11007, 29, '123.79', 10, '0.00'),
(11007, 42, '14.00', 14, '0.00'),
(11008, 28, '45.60', 70, '0.05'),
(11008, 34, '14.00', 90, '0.05'),
(11008, 71, '21.50', 21, '0.00'),
(11009, 24, '4.50', 12, '0.00'),
(11009, 36, '19.00', 18, '0.25'),
(11009, 60, '34.00', 9, '0.00'),
(11010, 7, '30.00', 20, '0.00'),
(11010, 24, '4.50', 10, '0.00'),
(11011, 58, '13.25', 40, '0.05'),
(11011, 71, '21.50', 20, '0.00'),
(11012, 19, '9.20', 50, '0.05'),
(11012, 60, '34.00', 36, '0.05'),
(11012, 71, '21.50', 60, '0.05'),
(11013, 23, '9.00', 10, '0.00'),
(11013, 42, '14.00', 4, '0.00'),
(11013, 45, '9.50', 20, '0.00'),
(11013, 68, '12.50', 2, '0.00'),
(11014, 41, '9.65', 28, '0.10'),
(11015, 30, '25.89', 15, '0.00'),
(11015, 77, '13.00', 18, '0.00'),
(11016, 31, '12.50', 15, '0.00'),
(11016, 36, '19.00', 16, '0.00'),
(11017, 3, '10.00', 25, '0.00'),
(11017, 59, '55.00', 110, '0.00'),
(11017, 70, '15.00', 30, '0.00'),
(11018, 12, '38.00', 20, '0.00'),
(11018, 18, '62.50', 10, '0.00'),
(11018, 56, '38.00', 5, '0.00'),
(11019, 46, '12.00', 3, '0.00'),
(11019, 49, '20.00', 2, '0.00'),
(11020, 10, '31.00', 24, '0.15'),
(11021, 2, '19.00', 11, '0.25'),
(11021, 20, '81.00', 15, '0.00'),
(11021, 26, '31.23', 63, '0.00'),
(11021, 51, '53.00', 44, '0.25'),
(11021, 72, '34.80', 35, '0.00'),
(11022, 19, '9.20', 35, '0.00'),
(11022, 69, '36.00', 30, '0.00'),
(11023, 7, '30.00', 4, '0.00'),
(11023, 43, '46.00', 30, '0.00'),
(11024, 26, '31.23', 12, '0.00'),
(11024, 33, '2.50', 30, '0.00'),
(11024, 65, '21.05', 21, '0.00'),
(11024, 71, '21.50', 50, '0.00'),
(11025, 1, '18.00', 10, '0.10'),
(11025, 13, '6.00', 20, '0.10'),
(11026, 18, '62.50', 8, '0.00'),
(11026, 51, '53.00', 10, '0.00'),
(11027, 24, '4.50', 30, '0.25'),
(11027, 62, '49.30', 21, '0.25'),
(11028, 55, '24.00', 35, '0.00'),
(11028, 59, '55.00', 24, '0.00'),
(11029, 56, '38.00', 20, '0.00'),
(11029, 63, '43.90', 12, '0.00'),
(11030, 2, '19.00', 100, '0.25'),
(11030, 5, '21.35', 70, '0.00'),
(11030, 29, '123.79', 60, '0.25'),
(11030, 59, '55.00', 100, '0.25'),
(11031, 1, '18.00', 45, '0.00'),
(11031, 13, '6.00', 80, '0.00'),
(11031, 24, '4.50', 21, '0.00'),
(11031, 64, '33.25', 20, '0.00'),
(11031, 71, '21.50', 16, '0.00'),
(11032, 36, '19.00', 35, '0.00'),
(11032, 38, '263.50', 25, '0.00'),
(11032, 59, '55.00', 30, '0.00'),
(11033, 53, '32.80', 70, '0.10'),
(11033, 69, '36.00', 36, '0.10'),
(11034, 21, '10.00', 15, '0.10'),
(11034, 44, '19.45', 12, '0.00'),
(11034, 61, '28.50', 6, '0.00'),
(11035, 1, '18.00', 10, '0.00'),
(11035, 35, '18.00', 60, '0.00'),
(11035, 42, '14.00', 30, '0.00'),
(11035, 54, '7.45', 10, '0.00'),
(11036, 13, '6.00', 7, '0.00'),
(11036, 59, '55.00', 30, '0.00'),
(11037, 70, '15.00', 4, '0.00'),
(11038, 40, '18.40', 5, '0.20'),
(11038, 52, '7.00', 2, '0.00'),
(11038, 71, '21.50', 30, '0.00'),
(11039, 28, '45.60', 20, '0.00'),
(11039, 35, '18.00', 24, '0.00'),
(11039, 49, '20.00', 60, '0.00'),
(11039, 57, '19.50', 28, '0.00'),
(11040, 21, '10.00', 20, '0.00'),
(11041, 2, '19.00', 30, '0.20'),
(11041, 63, '43.90', 30, '0.00'),
(11042, 44, '19.45', 15, '0.00'),
(11042, 61, '28.50', 4, '0.00'),
(11043, 11, '21.00', 10, '0.00'),
(11044, 62, '49.30', 12, '0.00'),
(11045, 33, '2.50', 15, '0.00'),
(11045, 51, '53.00', 24, '0.00'),
(11046, 12, '38.00', 20, '0.05'),
(11046, 32, '32.00', 15, '0.05'),
(11046, 35, '18.00', 18, '0.05'),
(11047, 1, '18.00', 25, '0.25'),
(11047, 5, '21.35', 30, '0.25'),
(11048, 68, '12.50', 42, '0.00'),
(11049, 2, '19.00', 10, '0.20'),
(11049, 12, '38.00', 4, '0.20'),
(11050, 76, '18.00', 50, '0.10'),
(11051, 24, '4.50', 10, '0.20'),
(11052, 43, '46.00', 30, '0.20'),
(11052, 61, '28.50', 10, '0.20'),
(11053, 18, '62.50', 35, '0.20'),
(11053, 32, '32.00', 20, '0.00'),
(11053, 64, '33.25', 25, '0.20'),
(11054, 33, '2.50', 10, '0.00'),
(11054, 67, '14.00', 20, '0.00'),
(11055, 24, '4.50', 15, '0.00'),
(11055, 25, '14.00', 15, '0.00'),
(11055, 51, '53.00', 20, '0.00'),
(11055, 57, '19.50', 20, '0.00'),
(11056, 7, '30.00', 40, '0.00'),
(11056, 55, '24.00', 35, '0.00'),
(11056, 60, '34.00', 50, '0.00'),
(11057, 70, '15.00', 3, '0.00'),
(11058, 21, '10.00', 3, '0.00'),
(11058, 60, '34.00', 21, '0.00'),
(11058, 61, '28.50', 4, '0.00'),
(11059, 13, '6.00', 30, '0.00'),
(11059, 17, '39.00', 12, '0.00'),
(11059, 60, '34.00', 35, '0.00'),
(11060, 60, '34.00', 4, '0.00'),
(11060, 77, '13.00', 10, '0.00'),
(11061, 60, '34.00', 15, '0.00'),
(11062, 53, '32.80', 10, '0.20'),
(11062, 70, '15.00', 12, '0.20'),
(11063, 34, '14.00', 30, '0.00'),
(11063, 40, '18.40', 40, '0.10'),
(11063, 41, '9.65', 30, '0.10'),
(11064, 17, '39.00', 77, '0.10'),
(11064, 41, '9.65', 12, '0.00'),
(11064, 53, '32.80', 25, '0.10'),
(11064, 55, '24.00', 4, '0.10'),
(11064, 68, '12.50', 55, '0.00'),
(11065, 30, '25.89', 4, '0.25'),
(11065, 54, '7.45', 20, '0.25'),
(11066, 16, '17.45', 3, '0.00'),
(11066, 19, '9.20', 42, '0.00'),
(11066, 34, '14.00', 35, '0.00'),
(11067, 41, '9.65', 9, '0.00'),
(11068, 28, '45.60', 8, '0.15'),
(11068, 43, '46.00', 36, '0.15'),
(11068, 77, '13.00', 28, '0.15'),
(11069, 39, '18.00', 20, '0.00'),
(11070, 1, '18.00', 40, '0.15'),
(11070, 2, '19.00', 20, '0.15'),
(11070, 16, '17.45', 30, '0.15'),
(11070, 31, '12.50', 20, '0.00'),
(11071, 7, '30.00', 15, '0.05'),
(11071, 13, '6.00', 10, '0.05'),
(11072, 2, '19.00', 8, '0.00'),
(11072, 41, '9.65', 40, '0.00'),
(11072, 50, '16.25', 22, '0.00'),
(11072, 64, '33.25', 130, '0.00'),
(11073, 11, '21.00', 10, '0.00'),
(11073, 24, '4.50', 20, '0.00'),
(11074, 16, '17.45', 14, '0.05'),
(11075, 2, '19.00', 10, '0.15'),
(11075, 46, '12.00', 30, '0.15'),
(11075, 76, '18.00', 2, '0.15'),
(11076, 6, '25.00', 20, '0.25'),
(11076, 14, '23.25', 20, '0.25'),
(11076, 19, '9.20', 10, '0.25'),
(11077, 2, '19.00', 24, '0.20'),
(11077, 3, '10.00', 4, '0.00'),
(11077, 4, '22.00', 1, '0.00'),
(11077, 6, '25.00', 1, '0.02'),
(11077, 7, '30.00', 1, '0.05'),
(11077, 8, '40.00', 2, '0.10'),
(11077, 10, '31.00', 1, '0.00'),
(11077, 12, '38.00', 2, '0.05'),
(11077, 13, '6.00', 4, '0.00'),
(11077, 14, '23.25', 1, '0.03'),
(11077, 16, '17.45', 2, '0.03'),
(11077, 20, '81.00', 1, '0.04'),
(11077, 23, '9.00', 2, '0.00'),
(11077, 32, '32.00', 1, '0.00'),
(11077, 39, '18.00', 2, '0.05'),
(11077, 41, '9.65', 3, '0.00'),
(11077, 46, '12.00', 3, '0.02'),
(11077, 52, '7.00', 2, '0.00'),
(11077, 55, '24.00', 2, '0.00'),
(11077, 60, '34.00', 2, '0.06'),
(11077, 64, '33.25', 2, '0.03'),
(11077, 66, '17.00', 1, '0.00'),
(11077, 73, '15.00', 2, '0.01'),
(11077, 75, '7.75', 4, '0.00'),
(11077, 77, '13.00', 2, '0.00');

-- --------------------------------------------------------

--
-- Table structure for table `products`
--

CREATE TABLE `products` (
  `productID` int NOT NULL,
  `productName` varchar(255) DEFAULT NULL,
  `quantityPerUnit` varchar(255) DEFAULT NULL,
  `unitPrice` decimal(10,2) DEFAULT NULL,
  `discontinued` tinyint(1) DEFAULT NULL,
  `categoryID` int DEFAULT NULL
) ENGINE=InnoDB DEFAULT CHARSET=utf8mb4 COLLATE=utf8mb4_0900_ai_ci;

--
-- Dumping data for table `products`
--

INSERT INTO `products` (`productID`, `productName`, `quantityPerUnit`, `unitPrice`, `discontinued`, `categoryID`) VALUES
(1, 'Chai', '10 boxes x 20 bags', '18.00', 0, 1),
(2, 'Chang', '24 - 12 oz bottles', '19.00', 0, 1),
(3, 'Aniseed Syrup', '12 - 550 ml bottles', '10.00', 0, 2),
(4, 'Chef Anton\'s Cajun Seasoning', '48 - 6 oz jars', '22.00', 0, 2),
(5, 'Chef Anton\'s Gumbo Mix', '36 boxes', '21.35', 1, 2),
(6, 'Grandma\'s Boysenberry Spread', '12 - 8 oz jars', '25.00', 0, 2),
(7, 'Uncle Bob\'s Organic Dried Pears', '12 - 1 lb pkgs.', '30.00', 0, 7),
(8, 'Northwoods Cranberry Sauce', '12 - 12 oz jars', '40.00', 0, 2),
(9, 'Mishi Kobe Niku', '18 - 500 g pkgs.', '97.00', 1, 6),
(10, 'Ikura', '12 - 200 ml jars', '31.00', 0, 8),
(11, 'Queso Cabrales', '1 kg pkg.', '21.00', 0, 4),
(12, 'Queso Manchego La Pastora', '10 - 500 g pkgs.', '38.00', 0, 4),
(13, 'Konbu', '2 kg box', '6.00', 0, 8),
(14, 'Tofu', '40 - 100 g pkgs.', '23.25', 0, 7),
(15, 'Genen Shouyu', '24 - 250 ml bottles', '15.50', 0, 2),
(16, 'Pavlova', '32 - 500 g boxes', '17.45', 0, 3),
(17, 'Alice Mutton', '20 - 1 kg tins', '39.00', 1, 6),
(18, 'Carnarvon Tigers', '16 kg pkg.', '62.50', 0, 8),
(19, 'Teatime Chocolate Biscuits', '10 boxes x 12 pieces', '9.20', 0, 3),
(20, 'Sir Rodney\'s Marmalade', '30 gift boxes', '81.00', 0, 3),
(21, 'Sir Rodney\'s Scones', '24 pkgs. x 4 pieces', '10.00', 0, 3),
(22, 'Gustaf\'s Knackebröd', '24 - 500 g pkgs.', '21.00', 0, 5),
(23, 'Tunnbröd', '12 - 250 g pkgs.', '9.00', 0, 5),
(24, 'Guarana Fantastica', '12 - 355 ml cans', '4.50', 1, 1),
(25, 'NuNuCa Nuß-Nougat-Creme', '20 - 450 g glasses', '14.00', 0, 3),
(26, 'Gumbär Gummibärchen', '100 - 250 g bags', '31.23', 0, 3),
(27, 'Schoggi Schokolade', '100 - 100 g pieces', '43.90', 0, 3),
(28, 'Rössle Sauerkraut', '25 - 825 g cans', '45.60', 1, 7),
(29, 'Thüringer Rostbratwurst', '50 bags x 30 sausgs.', '123.79', 1, 6),
(30, 'Nord-Ost Matjeshering', '10 - 200 g glasses', '25.89', 0, 8),
(31, 'Gorgonzola Telino', '12 - 100 g pkgs', '12.50', 0, 4),
(32, 'Mascarpone Fabioli', '24 - 200 g pkgs.', '32.00', 0, 4),
(33, 'Geitost', '500 g', '2.50', 0, 4),
(34, 'Sasquatch Ale', '24 - 12 oz bottles', '14.00', 0, 1),
(35, 'Steeleye Stout', '24 - 12 oz bottles', '18.00', 0, 1),
(36, 'Inlagd Sill', '24 - 250 g  jars', '19.00', 0, 8),
(37, 'Gravad lax', '12 - 500 g pkgs.', '26.00', 0, 8),
(38, 'Côte de Blaye', '12 - 75 cl bottles', '263.50', 0, 1),
(39, 'Chartreuse verte', '750 cc per bottle', '18.00', 0, 1),
(40, 'Boston Crab Meat', '24 - 4 oz tins', '18.40', 0, 8),
(41, 'Jack\'s New England Clam Chowder', '12 - 12 oz cans', '9.65', 0, 8),
(42, 'Singaporean Hokkien Fried Mee', '32 - 1 kg pkgs.', '14.00', 1, 5),
(43, 'Ipoh Coffee', '16 - 500 g tins', '46.00', 0, 1),
(44, 'Gula Malacca', '20 - 2 kg bags', '19.45', 0, 2),
(45, 'Rogede sild', '1k pkg.', '9.50', 0, 8),
(46, 'Spegesild', '4 - 450 g glasses', '12.00', 0, 8),
(47, 'Zaanse koeken', '10 - 4 oz boxes', '9.50', 0, 3),
(48, 'Chocolade', '10 pkgs.', '12.75', 0, 3),
(49, 'Maxilaku', '24 - 50 g pkgs.', '20.00', 0, 3),
(50, 'Valkoinen suklaa', '12 - 100 g bars', '16.25', 0, 3),
(51, 'Manjimup Dried Apples', '50 - 300 g pkgs.', '53.00', 0, 7),
(52, 'Filo Mix', '16 - 2 kg boxes', '7.00', 0, 5),
(53, 'Perth Pasties', '48 pieces', '32.80', 1, 6),
(54, 'Tourtière', '16 pies', '7.45', 0, 6),
(55, 'Pâté chinois', '24 boxes x 2 pies', '24.00', 0, 6),
(56, 'Gnocchi di nonna Alice', '24 - 250 g pkgs.', '38.00', 0, 5),
(57, 'Ravioli Angelo', '24 - 250 g pkgs.', '19.50', 0, 5),
(58, 'Escargots de Bourgogne', '24 pieces', '13.25', 0, 8),
(59, 'Raclette Courdavault', '5 kg pkg.', '55.00', 0, 4),
(60, 'Camembert Pierrot', '15 - 300 g rounds', '34.00', 0, 4),
(61, 'Sirop d\'érable', '24 - 500 ml bottles', '28.50', 0, 2),
(62, 'Tarte au sucre', '48 pies', '49.30', 0, 3),
(63, 'Vegie-spread', '15 - 625 g jars', '43.90', 0, 2),
(64, 'Wimmers gute Semmelknödel', '20 bags x 4 pieces', '33.25', 0, 5),
(65, 'Louisiana Fiery Hot Pepper Sauce', '32 - 8 oz bottles', '21.05', 0, 2),
(66, 'Louisiana Hot Spiced Okra', '24 - 8 oz jars', '17.00', 0, 2),
(67, 'Laughing Lumberjack Lager', '24 - 12 oz bottles', '14.00', 0, 1),
(68, 'Scottish Longbreads', '10 boxes x 8 pieces', '12.50', 0, 3),
(69, 'Gudbrandsdalsost', '10 kg pkg.', '36.00', 0, 4),
(70, 'Outback Lager', '24 - 355 ml bottles', '15.00', 0, 1),
(71, 'Flotemysost', '10 - 500 g pkgs.', '21.50', 0, 4),
(72, 'Mozzarella di Giovanni', '24 - 200 g pkgs.', '34.80', 0, 4),
(73, 'Röd Kaviar', '24 - 150 g jars', '15.00', 0, 8),
(74, 'Longlife Tofu', '5 kg pkg.', '10.00', 0, 7),
(75, 'Rhönbräu Klosterbier', '24 - 0.5 l bottles', '7.75', 0, 1),
(76, 'Lakkaliköri', '500 ml', '18.00', 0, 1),
(77, 'Original Frankfurter Grüne Soße', '12 boxes', '13.00', 0, 2);

-- --------------------------------------------------------

--
-- Table structure for table `shippers`
--

CREATE TABLE `shippers` (
  `shipperID` int NOT NULL,
  `companyName` varchar(100) DEFAULT NULL
) ENGINE=InnoDB DEFAULT CHARSET=utf8mb4 COLLATE=utf8mb4_0900_ai_ci;

--
-- Dumping data for table `shippers`
--

INSERT INTO `shippers` (`shipperID`, `companyName`) VALUES
(1, 'Speedy Express'),
(2, 'United Package'),
(3, 'Federal Shipping');

--
-- Indexes for dumped tables
--

--
-- Indexes for table `categories`
--
ALTER TABLE `categories`
  ADD PRIMARY KEY (`categoryID`);

--
-- Indexes for table `customers`
--
ALTER TABLE `customers`
  ADD PRIMARY KEY (`customerID`);

--
-- Indexes for table `employees`
--
ALTER TABLE `employees`
  ADD PRIMARY KEY (`employeeID`),
  ADD KEY `reportsTo` (`reportsTo`);

--
-- Indexes for table `orders`
--
ALTER TABLE `orders`
  ADD PRIMARY KEY (`orderID`);

--
-- Indexes for table `order_details`
--
ALTER TABLE `order_details`
  ADD PRIMARY KEY (`orderID`,`productID`);

--
-- Indexes for table `products`
--
ALTER TABLE `products`
  ADD PRIMARY KEY (`productID`);

--
-- Indexes for table `shippers`
--
ALTER TABLE `shippers`
  ADD PRIMARY KEY (`shipperID`);

--
-- Constraints for dumped tables
--

--
-- Constraints for table `employees`
--
ALTER TABLE `employees`
  ADD CONSTRAINT `employees_ibfk_1` FOREIGN KEY (`reportsTo`) REFERENCES `employees` (`employeeID`);
COMMIT;

/*!40101 SET CHARACTER_SET_CLIENT=@OLD_CHARACTER_SET_CLIENT */;
/*!40101 SET CHARACTER_SET_RESULTS=@OLD_CHARACTER_SET_RESULTS */;
/*!40101 SET COLLATION_CONNECTION=@OLD_COLLATION_CONNECTION */;
